"dataset","original_name","clade","alignment"
"Borowiec2015","Strongylocentrotus","Bilateria","Best108"
"Borowiec2015","Saccoglossus","Bilateria","Best108"
"Borowiec2015","Branchiostoma","Bilateria","Best108"
"Borowiec2015","Oikopleura","Bilateria","Best108"
"Borowiec2015","Ciona","Bilateria","Best108"
"Borowiec2015","Fugu","Bilateria","Best108"
"Borowiec2015","Gasterosteus","Bilateria","Best108"
"Borowiec2015","Latimeria","Bilateria","Best108"
"Borowiec2015","Xenopus","Bilateria","Best108"
"Borowiec2015","Homo","Bilateria","Best108"
"Borowiec2015","Gallus","Bilateria","Best108"
"Borowiec2015","Anolis","Bilateria","Best108"
"Borowiec2015","Capitella","Bilateria","Best108"
"Borowiec2015","Lottia","Bilateria","Best108"
"Borowiec2015","Pinctada","Bilateria","Best108"
"Borowiec2015","Caenorhabditis","Bilateria","Best108"
"Borowiec2015","Brugia","Bilateria","Best108"
"Borowiec2015","Tetranychus","Bilateria","Best108"
"Borowiec2015","Ixodes","Bilateria","Best108"
"Borowiec2015","Strigamia","Bilateria","Best108"
"Borowiec2015","Daphnia","Bilateria","Best108"
"Borowiec2015","Acyrthosiphon","Bilateria","Best108"
"Borowiec2015","Rhodnius","Bilateria","Best108"
"Borowiec2015","Apis","Bilateria","Best108"
"Borowiec2015","Bombus","Bilateria","Best108"
"Borowiec2015","Tribolium","Bilateria","Best108"
"Borowiec2015","Drosophila","Bilateria","Best108"
"Borowiec2015","Danaus","Bilateria","Best108"
"Borowiec2015","Hydra","Cnidaria","Best108"
"Borowiec2015","Acropora","Cnidaria","Best108"
"Borowiec2015","Nematostella","Cnidaria","Best108"
"Borowiec2015","Trichoplax","Placozoa","Best108"
"Borowiec2015","Amphimedon","Porifera","Best108"
"Borowiec2015","Mnemiopsis","Ctenophora","Best108"
"Borowiec2015","Salpingoeca","Outgroup","Best108"
"Borowiec2015","Monosiga","Outgroup","Best108"
"Chang2015","Latimeria_menadoensis","Bilateria","Chang_AA"
"Chang2015","Homo_sapiens","Bilateria","Chang_AA"
"Chang2015","Petromyzon_marinus","Bilateria","Chang_AA"
"Chang2015","Ciona_intestinalis","Bilateria","Chang_AA"
"Chang2015","Botryllus_schlosseri","Bilateria","Chang_AA"
"Chang2015","Branchiostoma_floridae","Bilateria","Chang_AA"
"Chang2015","Saccoglossus_kowalevskii","Bilateria","Chang_AA"
"Chang2015","Strongylocentrotus_purpuratus","Bilateria","Chang_AA"
"Chang2015","Patiria_miniata","Bilateria","Chang_AA"
"Chang2015","Pediculus_humanus_corporis","Bilateria","Chang_AA"
"Chang2015","Nasonia_vitripennis","Bilateria","Chang_AA"
"Chang2015","Daphnia_pulex","Bilateria","Chang_AA"
"Chang2015","Strigamia_maritima","Bilateria","Chang_AA"
"Chang2015","Ixodes_scapularis","Bilateria","Chang_AA"
"Chang2015","Helobdella_robusta","Bilateria","Chang_AA"
"Chang2015","Capitella_teleta","Bilateria","Chang_AA"
"Chang2015","Octopus_vulgaris","Bilateria","Chang_AA"
"Chang2015","Ilyanassa_obsoleta","Bilateria","Chang_AA"
"Chang2015","Crassostrea_gigas","Bilateria","Chang_AA"
"Chang2015","Nanomia_bijuga","Cnidaria","Chang_AA"
"Chang2015","Hydractinia_polyclina","Cnidaria","Chang_AA"
"Chang2015","Clytia_hemisphaerica","Cnidaria","Chang_AA"
"Chang2015","Hydra_magnipapillata","Cnidaria","Chang_AA"
"Chang2015","Ectopleura_larynx","Cnidaria","Chang_AA"
"Chang2015","Craspedacusta_sowerbyi","Cnidaria","Chang_AA"
"Chang2015","Tripedalia_cystophora","Cnidaria","Chang_AA"
"Chang2015","Cyanea_capillata","Cnidaria","Chang_AA"
"Chang2015","Stomolophus_meleagris","Cnidaria","Chang_AA"
"Chang2015","Aurelia_aurita","Cnidaria","Chang_AA"
"Chang2015","Polypodium_hydriforme","Cnidaria","Chang_AA"
"Chang2015","Tetracapsuloides_bryosalmonae","Cnidaria","Chang_AA"
"Chang2015","Buddenbrockia_plumatellae","Cnidaria","Chang_AA"
"Chang2015","Enteromyxum_leei","Cnidaria","Chang_AA"
"Chang2015","Kudoa_iwatai","Cnidaria","Chang_AA"
"Chang2015","Sphaeromyxa_zaharoni","Cnidaria","Chang_AA"
"Chang2015","Thelohanellus_kitauei","Cnidaria","Chang_AA"
"Chang2015","Myxobolus_cerebralis","Cnidaria","Chang_AA"
"Chang2015","Gorgonia_ventalina","Cnidaria","Chang_AA"
"Chang2015","Eunicella_cavolinii","Cnidaria","Chang_AA"
"Chang2015","Pocillopora_damicornis","Cnidaria","Chang_AA"
"Chang2015","Montastraea_faveolata","Cnidaria","Chang_AA"
"Chang2015","Porites_australiensis","Cnidaria","Chang_AA"
"Chang2015","Acropora_cervicornis","Cnidaria","Chang_AA"
"Chang2015","Nematostella_vectensis","Cnidaria","Chang_AA"
"Chang2015","Edwardsiella_lineata","Cnidaria","Chang_AA"
"Chang2015","Urticina_eques","Cnidaria","Chang_AA"
"Chang2015","Bolocera_tuediae","Cnidaria","Chang_AA"
"Chang2015","Hormathia_digitata","Cnidaria","Chang_AA"
"Chang2015","Aiptasia_pallida","Cnidaria","Chang_AA"
"Chang2015","Trichoplax_adhaerens","Placozoa","Chang_AA"
"Chang2015","Leucetta_chagosensis","Porifera","Chang_AA"
"Chang2015","Sycon_ciliatum","Porifera","Chang_AA"
"Chang2015","Sycon_coactum","Porifera","Chang_AA"
"Chang2015","Corticium_candelabrum","Porifera","Chang_AA"
"Chang2015","Oscarella_carmela","Porifera","Chang_AA"
"Chang2015","Oscarella_sp_sn2011","Porifera","Chang_AA"
"Chang2015","Aphrocallistes_vastus","Porifera","Chang_AA"
"Chang2015","Euplectella_aspergillum","Porifera","Chang_AA"
"Chang2015","Amphimedon_queenslandica","Porifera","Chang_AA"
"Chang2015","Chondrilla_nucula","Porifera","Chang_AA"
"Chang2015","Ephydatia_muelleri","Porifera","Chang_AA"
"Chang2015","Ircinia_fasciculata","Porifera","Chang_AA"
"Chang2015","Petrosia_ficiformis","Porifera","Chang_AA"
"Chang2015","Euplokamis_dunlapae","Ctenophora","Chang_AA"
"Chang2015","Vallicula_multiformis","Ctenophora","Chang_AA"
"Chang2015","Pleurobrachia_pileus","Ctenophora","Chang_AA"
"Chang2015","Mnemiopsis_leidyi","Ctenophora","Chang_AA"
"Chang2015","Beroe_moroz","Ctenophora","Chang_AA"
"Chang2015","Ministeria_vibrans_atcc50519","Outgroup","Chang_AA"
"Chang2015","Capsaspora_owczarzaki_atcc30864","Outgroup","Chang_AA"
"Chang2015","Sphaeroforma_arctica_jp610","Outgroup","Chang_AA"
"Chang2015","Amoebidium_parasiticum_JAP72","Outgroup","Chang_AA"
"Chang2015","Monosiga_brevicollis_mx1","Outgroup","Chang_AA"
"Chang2015","Monosiga_ovata","Outgroup","Chang_AA"
"Chang2015","Acanthoeca_like_sp_10tr","Outgroup","Chang_AA"
"Chang2015","Stephanoeca_diplocostata","Outgroup","Chang_AA"
"Chang2015","Salpingoeca_sp_atcc50818","Outgroup","Chang_AA"
"Dunn2008","Acanthoscurria_gomesiana","Bilateria","Dunn2008_FixedNames"
"Dunn2008","Anoplodactylus_eroticus","Bilateria","Dunn2008_FixedNames"
"Dunn2008","Aplysia_californica","Bilateria","Dunn2008_FixedNames"
"Dunn2008","Argopecten_irradians","Bilateria","Dunn2008_FixedNames"
"Dunn2008","Asterina_pectinifera","Bilateria","Dunn2008_FixedNames"
"Dunn2008","Biomphalaria_glabrata","Bilateria","Dunn2008_FixedNames"
"Dunn2008","Boophilus_microplus","Bilateria","Dunn2008_FixedNames"
"Dunn2008","Branchiostoma_floridae","Bilateria","Dunn2008_FixedNames"
"Dunn2008","Capitella_sp","Bilateria","Dunn2008_FixedNames"
"Dunn2008","Carcinoscorpius_rotundicauda","Bilateria","Dunn2008_FixedNames"
"Dunn2008","Carcinus_maenas","Bilateria","Dunn2008_FixedNames"
"Dunn2008","Carinoma_mutabilis","Bilateria","Dunn2008_FixedNames"
"Dunn2008","Cerebratulus_lacteus","Bilateria","Dunn2008_FixedNames"
"Dunn2008","Chaetoderma_nitidulum","Bilateria","Dunn2008_FixedNames"
"Dunn2008","Chaetopleura_apiculata","Bilateria","Dunn2008_FixedNames"
"Dunn2008","Chaetopterus_variopedatus","Bilateria","Dunn2008_FixedNames"
"Dunn2008","Ciona_intestinalis","Bilateria","Dunn2008_FixedNames"
"Dunn2008","Crassostrea_virginica","Bilateria","Dunn2008_FixedNames"
"Dunn2008","Daphnia_magna","Bilateria","Dunn2008_FixedNames"
"Dunn2008","Drosophila_melanogaster","Bilateria","Dunn2008_FixedNames"
"Dunn2008","Dugesia_japonica","Bilateria","Dunn2008_FixedNames"
"Dunn2008","Echinococcus_granulosus","Bilateria","Dunn2008_FixedNames"
"Dunn2008","Echinoderes_horni","Bilateria","Dunn2008_FixedNames"
"Dunn2008","Euperipatoides_kanangrensis","Bilateria","Dunn2008_FixedNames"
"Dunn2008","Euprymna_scolopes","Bilateria","Dunn2008_FixedNames"
"Dunn2008","Fenneropenaeus_chinensis","Bilateria","Dunn2008_FixedNames"
"Dunn2008","Gallus_gallus","Bilateria","Dunn2008_FixedNames"
"Dunn2008","Haementeria_depressa","Bilateria","Dunn2008_FixedNames"
"Dunn2008","Homo_sapiens","Bilateria","Dunn2008_FixedNames"
"Dunn2008","Hypsibius_dujardini","Bilateria","Dunn2008_FixedNames"
"Dunn2008","Lumbricus_rubellus","Bilateria","Dunn2008_FixedNames"
"Dunn2008","Macrostomum_lignano","Bilateria","Dunn2008_FixedNames"
"Dunn2008","Mytilus_galloprovincialis","Bilateria","Dunn2008_FixedNames"
"Dunn2008","Paraplanocera_oligoglena","Bilateria","Dunn2008_FixedNames"
"Dunn2008","Phoronis_vancouverensis","Bilateria","Dunn2008_FixedNames"
"Dunn2008","Platynereis_dumerilii","Bilateria","Dunn2008_FixedNames"
"Dunn2008","Priapulus_caudatus","Bilateria","Dunn2008_FixedNames"
"Dunn2008","Ptychodera_flava","Bilateria","Dunn2008_FixedNames"
"Dunn2008","Richtersius_coronifer","Bilateria","Dunn2008_FixedNames"
"Dunn2008","Saccoglossus_kowalevskii","Bilateria","Dunn2008_FixedNames"
"Dunn2008","Schmidtea_mediterranea","Bilateria","Dunn2008_FixedNames"
"Dunn2008","Scutigera_coleoptrata","Bilateria","Dunn2008_FixedNames"
"Dunn2008","Spinochordodes_tellinii","Bilateria","Dunn2008_FixedNames"
"Dunn2008","Strongylocentrotus_purpuratus","Bilateria","Dunn2008_FixedNames"
"Dunn2008","Terebratalia_transversa","Bilateria","Dunn2008_FixedNames"
"Dunn2008","Themiste_lageniformis","Bilateria","Dunn2008_FixedNames"
"Dunn2008","Trichinella_spiralis","Bilateria","Dunn2008_FixedNames"
"Dunn2008","Urechis_caupo","Bilateria","Dunn2008_FixedNames"
"Dunn2008","Xenoturbella_bocki","Bilateria","Dunn2008_FixedNames"
"Dunn2008","Xiphinema_index","Bilateria","Dunn2008_FixedNames"
"Dunn2008","Acropora_millepora","Cnidaria","Dunn2008_FixedNames"
"Dunn2008","Nematostella_vectensis","Cnidaria","Dunn2008_FixedNames"
"Dunn2008","Cyanea_capillata","Cnidaria","Dunn2008_FixedNames"
"Dunn2008","Hydra_magnipapillata","Cnidaria","Dunn2008_FixedNames"
"Dunn2008","Hydractinia_echinata","Cnidaria","Dunn2008_FixedNames"
"Dunn2008","Oscarella_carmela","Porifera","Dunn2008_FixedNames"
"Dunn2008","Mertensiid_sp","Ctenophora","Dunn2008_FixedNames"
"Dunn2008","Mnemiopsis_leidyi","Ctenophora","Dunn2008_FixedNames"
"Dunn2008","Monosiga_ovata","Outgroup","Dunn2008_FixedNames"
"Dunn2008","Capsaspora_owczarzaki","Outgroup","Dunn2008_FixedNames"
"Dunn2008","Sphaeroforma_arctica","Outgroup","Dunn2008_FixedNames"
"Dunn2008","Saccharomyces_cerevisiae","Outgroup","Dunn2008_FixedNames"
"Dunn2008","Cryptococcus_neoformans","Outgroup","Dunn2008_FixedNames"
"Dunn2008","Amoebidium_parasiticum","Outgroup","Dunn2008_FixedNames"
"Hejnol2009","Xenoturbella_bocki","Bilateria","Hejnol_etal_2009_FixedNames"
"Hejnol2009","Meara_stichopi","Bilateria","Hejnol_etal_2009_FixedNames"
"Hejnol2009","Nemertoderma_westbladi","Bilateria","Hejnol_etal_2009_FixedNames"
"Hejnol2009","Neochildia_fusca","Bilateria","Hejnol_etal_2009_FixedNames"
"Hejnol2009","Symsagittifera_roscoffensis","Bilateria","Hejnol_etal_2009_FixedNames"
"Hejnol2009","Convolutriloba_longifissura","Bilateria","Hejnol_etal_2009_FixedNames"
"Hejnol2009","Convoluta_pulchra","Bilateria","Hejnol_etal_2009_FixedNames"
"Hejnol2009","Priapulus_caudatus","Bilateria","Hejnol_etal_2009_FixedNames"
"Hejnol2009","Spinochordodes_tellinii","Bilateria","Hejnol_etal_2009_FixedNames"
"Hejnol2009","Echinoderes_horni","Bilateria","Hejnol_etal_2009_FixedNames"
"Hejnol2009","Xiphinema_index","Bilateria","Hejnol_etal_2009_FixedNames"
"Hejnol2009","Trichinella_spiralis","Bilateria","Hejnol_etal_2009_FixedNames"
"Hejnol2009","Hypsibius_dujardini","Bilateria","Hejnol_etal_2009_FixedNames"
"Hejnol2009","Richtersius_coronifer","Bilateria","Hejnol_etal_2009_FixedNames"
"Hejnol2009","Epiperipatus_sp","Bilateria","Hejnol_etal_2009_FixedNames"
"Hejnol2009","Euperipatoides_kanangrensis","Bilateria","Hejnol_etal_2009_FixedNames"
"Hejnol2009","Drosophila_melanogaster","Bilateria","Hejnol_etal_2009_FixedNames"
"Hejnol2009","Onychiurus_arcticus","Bilateria","Hejnol_etal_2009_FixedNames"
"Hejnol2009","Daphnia_pulex","Bilateria","Hejnol_etal_2009_FixedNames"
"Hejnol2009","Carcinus_maenas","Bilateria","Hejnol_etal_2009_FixedNames"
"Hejnol2009","Fenneropenaeus_chinensis","Bilateria","Hejnol_etal_2009_FixedNames"
"Hejnol2009","Scutigera_coleoptrata","Bilateria","Hejnol_etal_2009_FixedNames"
"Hejnol2009","Anoplodactylus_eroticus","Bilateria","Hejnol_etal_2009_FixedNames"
"Hejnol2009","Acanthoscurria_gomesiana","Bilateria","Hejnol_etal_2009_FixedNames"
"Hejnol2009","Boophilus_microplus","Bilateria","Hejnol_etal_2009_FixedNames"
"Hejnol2009","Carcinoscorpius_rotundicauda","Bilateria","Hejnol_etal_2009_FixedNames"
"Hejnol2009","Phoronis_vancouverensis","Bilateria","Hejnol_etal_2009_FixedNames"
"Hejnol2009","Spadella_cephaloptera","Bilateria","Hejnol_etal_2009_FixedNames"
"Hejnol2009","Flaccisagitta_enflata","Bilateria","Hejnol_etal_2009_FixedNames"
"Hejnol2009","Platynereis_dumerilii","Bilateria","Hejnol_etal_2009_FixedNames"
"Hejnol2009","Capitella_sp","Bilateria","Hejnol_etal_2009_FixedNames"
"Hejnol2009","Urechis_caupo","Bilateria","Hejnol_etal_2009_FixedNames"
"Hejnol2009","Myzostoma_seymourcollegiorum","Bilateria","Hejnol_etal_2009_FixedNames"
"Hejnol2009","Lumbricus_rubellus","Bilateria","Hejnol_etal_2009_FixedNames"
"Hejnol2009","Haementeria_depressa","Bilateria","Hejnol_etal_2009_FixedNames"
"Hejnol2009","Helobdella_robusta","Bilateria","Hejnol_etal_2009_FixedNames"
"Hejnol2009","Themiste_lageniformis","Bilateria","Hejnol_etal_2009_FixedNames"
"Hejnol2009","Chaetopterus_sp","Bilateria","Hejnol_etal_2009_FixedNames"
"Hejnol2009","Chaetopleura_apiculata","Bilateria","Hejnol_etal_2009_FixedNames"
"Hejnol2009","Euprymna_scolopes","Bilateria","Hejnol_etal_2009_FixedNames"
"Hejnol2009","Chaetoderma_nitidulum","Bilateria","Hejnol_etal_2009_FixedNames"
"Hejnol2009","Lottia_gigantea","Bilateria","Hejnol_etal_2009_FixedNames"
"Hejnol2009","Mytilus_galloprovincialis","Bilateria","Hejnol_etal_2009_FixedNames"
"Hejnol2009","Crassostrea_virginica","Bilateria","Hejnol_etal_2009_FixedNames"
"Hejnol2009","Argopecten_irradians","Bilateria","Hejnol_etal_2009_FixedNames"
"Hejnol2009","Aplysia_californica","Bilateria","Hejnol_etal_2009_FixedNames"
"Hejnol2009","Biomphalaria_glabrata","Bilateria","Hejnol_etal_2009_FixedNames"
"Hejnol2009","Terebratalia_transversa","Bilateria","Hejnol_etal_2009_FixedNames"
"Hejnol2009","Cerebratulus_lacteus","Bilateria","Hejnol_etal_2009_FixedNames"
"Hejnol2009","Carinoma_mutabilis","Bilateria","Hejnol_etal_2009_FixedNames"
"Hejnol2009","Gnathostomula_peregrina","Bilateria","Hejnol_etal_2009_FixedNames"
"Hejnol2009","Turbanella_ambronensis","Bilateria","Hejnol_etal_2009_FixedNames"
"Hejnol2009","Macrostomum_lignano","Bilateria","Hejnol_etal_2009_FixedNames"
"Hejnol2009","Paraplanocera_sp","Bilateria","Hejnol_etal_2009_FixedNames"
"Hejnol2009","Taenia_solium","Bilateria","Hejnol_etal_2009_FixedNames"
"Hejnol2009","Echinococcus_granulosus","Bilateria","Hejnol_etal_2009_FixedNames"
"Hejnol2009","Dugesia_japonica","Bilateria","Hejnol_etal_2009_FixedNames"
"Hejnol2009","Schmidtea_mediterranea","Bilateria","Hejnol_etal_2009_FixedNames"
"Hejnol2009","Philodina_roseola","Bilateria","Hejnol_etal_2009_FixedNames"
"Hejnol2009","Brachionus_plicatilis","Bilateria","Hejnol_etal_2009_FixedNames"
"Hejnol2009","Bugula_neritina","Bilateria","Hejnol_etal_2009_FixedNames"
"Hejnol2009","Cristatella_mucedo","Bilateria","Hejnol_etal_2009_FixedNames"
"Hejnol2009","Symbion_pandora","Bilateria","Hejnol_etal_2009_FixedNames"
"Hejnol2009","Pedicellina_sp","Bilateria","Hejnol_etal_2009_FixedNames"
"Hejnol2009","Pedicellina_cernua","Bilateria","Hejnol_etal_2009_FixedNames"
"Hejnol2009","Branchiostoma_floridae","Bilateria","Hejnol_etal_2009_FixedNames"
"Hejnol2009","Ciona_intestinalis","Bilateria","Hejnol_etal_2009_FixedNames"
"Hejnol2009","Diplosoma_listerianum","Bilateria","Hejnol_etal_2009_FixedNames"
"Hejnol2009","Halocynthia_roretzi","Bilateria","Hejnol_etal_2009_FixedNames"
"Hejnol2009","Gallus_gallus","Bilateria","Hejnol_etal_2009_FixedNames"
"Hejnol2009","Homo_sapiens","Bilateria","Hejnol_etal_2009_FixedNames"
"Hejnol2009","Saccoglossus_kowalevskii","Bilateria","Hejnol_etal_2009_FixedNames"
"Hejnol2009","Ptychodera_flava","Bilateria","Hejnol_etal_2009_FixedNames"
"Hejnol2009","Strongylocentrotus_purpuratus","Bilateria","Hejnol_etal_2009_FixedNames"
"Hejnol2009","Asterina_pectinifera","Bilateria","Hejnol_etal_2009_FixedNames"
"Hejnol2009","Acropora_millepora","Cnidaria","Hejnol_etal_2009_FixedNames"
"Hejnol2009","Nematostella_vectensis","Cnidaria","Hejnol_etal_2009_FixedNames"
"Hejnol2009","Cyanea_capillata","Cnidaria","Hejnol_etal_2009_FixedNames"
"Hejnol2009","Hydra_magnipapillata","Cnidaria","Hejnol_etal_2009_FixedNames"
"Hejnol2009","Hydractinia_echinata","Cnidaria","Hejnol_etal_2009_FixedNames"
"Hejnol2009","Trichoplax_adhaerens","Placozoa","Hejnol_etal_2009_FixedNames"
"Hejnol2009","Amphimedon_queenslandica","Porifera","Hejnol_etal_2009_FixedNames"
"Hejnol2009","Suberites_domuncula","Porifera","Hejnol_etal_2009_FixedNames"
"Hejnol2009","Oscarella_carmela","Porifera","Hejnol_etal_2009_FixedNames"
"Hejnol2009","Mertensiid_sp","Ctenophora","Hejnol_etal_2009_FixedNames"
"Hejnol2009","Mnemiopsis_leidyi","Ctenophora","Hejnol_etal_2009_FixedNames"
"Hejnol2009","Pleurobrachia_pileus","Ctenophora","Hejnol_etal_2009_FixedNames"
"Hejnol2009","Saccharomyces_cerevisiae","Outgroup","Hejnol_etal_2009_FixedNames"
"Hejnol2009","Cryptococcus_neoformans","Outgroup","Hejnol_etal_2009_FixedNames"
"Hejnol2009","Capsaspora_owczarzaki","Outgroup","Hejnol_etal_2009_FixedNames"
"Hejnol2009","Sphaeroforma_arctica","Outgroup","Hejnol_etal_2009_FixedNames"
"Hejnol2009","Amoebidium_parasiticum","Outgroup","Hejnol_etal_2009_FixedNames"
"Hejnol2009","Monosiga_ovata","Outgroup","Hejnol_etal_2009_FixedNames"
"Hejnol2009","Monosiga_brevicollis","Outgroup","Hejnol_etal_2009_FixedNames"
"Laumer2018","ECHI_Spur","Bilateria","Tplx_phylo_d1"
"Laumer2018","CRAN_Mmus","Bilateria","Tplx_phylo_d1"
"Laumer2018","PRIA_Pcau","Bilateria","Tplx_phylo_d1"
"Laumer2018","TARD_Rvar","Bilateria","Tplx_phylo_d1"
"Laumer2018","NEMA_Ppac","Bilateria","Tplx_phylo_d1"
"Laumer2018","ARTH_Dmel","Bilateria","Tplx_phylo_d1"
"Laumer2018","PLAT_Sman","Bilateria","Tplx_phylo_d1"
"Laumer2018","MOLL_Cgig","Bilateria","Tplx_phylo_d1"
"Laumer2018","BRAC_Lana","Bilateria","Tplx_phylo_d1"
"Laumer2018","ANNE_Ctel","Bilateria","Tplx_phylo_d1"
"Laumer2018","XENO_XbJC","Bilateria","Tplx_phylo_d1"
"Laumer2018","NEMO_Nemw","Bilateria","Tplx_phylo_d1"
"Laumer2018","ACOE_Isop","Bilateria","Tplx_phylo_d1"
"Laumer2018","MICR_Limn","Bilateria","Tplx_phylo_d1"
"Laumer2018","CNID_Aala","Cnidaria","Tplx_phylo_d1"
"Laumer2018","CNID_Adig","Cnidaria","Tplx_phylo_d1"
"Laumer2018","CNID_Aplm","Cnidaria","Tplx_phylo_d1"
"Laumer2018","CNID_Atet","Cnidaria","Tplx_phylo_d1"
"Laumer2018","CNID_Csow","Cnidaria","Tplx_phylo_d1"
"Laumer2018","CNID_Epal","Cnidaria","Tplx_phylo_d1"
"Laumer2018","CNID_Gven","Cnidaria","Tplx_phylo_d1"
"Laumer2018","CNID_Hvul","Cnidaria","Tplx_phylo_d1"
"Laumer2018","CNID_Lcmp","Cnidaria","Tplx_phylo_d1"
"Laumer2018","CNID_Ltet","Cnidaria","Tplx_phylo_d1"
"Laumer2018","CNID_Nvec","Cnidaria","Tplx_phylo_d1"
"Laumer2018","CNID_Pnct","Cnidaria","Tplx_phylo_d1"
"Laumer2018","CNID_Smel","Cnidaria","Tplx_phylo_d1"
"Laumer2018","PLAC_Tadh","Placozoa","Tplx_phylo_d1"
"Laumer2018","PLAC_TH11","Placozoa","Tplx_phylo_d1"
"Laumer2018","PLAC_TpH4","Placozoa","Tplx_phylo_d1"
"Laumer2018","PLAC_TpH6","Placozoa","Tplx_phylo_d1"
"Laumer2018","PORI_Aque","Porifera","Tplx_phylo_d1"
"Laumer2018","PORI_Ccan","Porifera","Tplx_phylo_d1"
"Laumer2018","PORI_Ccor","Porifera","Tplx_phylo_d1"
"Laumer2018","PORI_Cele","Porifera","Tplx_phylo_d1"
"Laumer2018","PORI_Cnuc","Porifera","Tplx_phylo_d1"
"Laumer2018","PORI_Cvar","Porifera","Tplx_phylo_d1"
"Laumer2018","PORI_Easp","Porifera","Tplx_phylo_d1"
"Laumer2018","PORI_Ifas","Porifera","Tplx_phylo_d1"
"Laumer2018","PORI_Lcom","Porifera","Tplx_phylo_d1"
"Laumer2018","PORI_Ocar","Porifera","Tplx_phylo_d1"
"Laumer2018","PORI_Pfic","Porifera","Tplx_phylo_d1"
"Laumer2018","PORI_Scil","Porifera","Tplx_phylo_d1"
"Laumer2018","PORI_Scoa","Porifera","Tplx_phylo_d1"
"Laumer2018","PORI_Slac","Porifera","Tplx_phylo_d1"
"Laumer2018","PORI_Snux","Porifera","Tplx_phylo_d1"
"Laumer2018","CTEN_Baby","Ctenophora","Tplx_phylo_d1"
"Laumer2018","CTEN_Cmet","Ctenophora","Tplx_phylo_d1"
"Laumer2018","CTEN_Edun","Ctenophora","Tplx_phylo_d1"
"Laumer2018","CTEN_Mlei","Ctenophora","Tplx_phylo_d1"
"Laumer2018","CTEN_Pbac","Ctenophora","Tplx_phylo_d1"
"Laumer2018","CTEN_Vmul","Ctenophora","Tplx_phylo_d1"
"Laumer2018","OUTC_Aspc","Outgroup","Tplx_phylo_d1"
"Laumer2018","OUTC_Chol","Outgroup","Tplx_phylo_d1"
"Laumer2018","OUTC_Dcos","Outgroup","Tplx_phylo_d1"
"Laumer2018","OUTC_Mbre","Outgroup","Tplx_phylo_d1"
"Laumer2018","OUTC_Sdol","Outgroup","Tplx_phylo_d1"
"Laumer2018","OUTC_Smac","Outgroup","Tplx_phylo_d1"
"Laumer2018","OUTC_Sros","Outgroup","Tplx_phylo_d1"
"Laumer2019","ANNE_Ctel","Bilateria","nonbilateria_MARE_BMGE"
"Laumer2019","BRAC_Ttvs","Bilateria","nonbilateria_MARE_BMGE"
"Laumer2019","CEPH_Bflo","Bilateria","nonbilateria_MARE_BMGE"
"Laumer2019","CRAN_Mmus","Bilateria","nonbilateria_MARE_BMGE"
"Laumer2019","ECHI_Spur","Bilateria","nonbilateria_MARE_BMGE"
"Laumer2019","MOLL_Lott","Bilateria","nonbilateria_MARE_BMGE"
"Laumer2019","ONYC_Peri","Bilateria","nonbilateria_MARE_BMGE"
"Laumer2019","PRIA_Pcau","Bilateria","nonbilateria_MARE_BMGE"
"Laumer2019","XENO_XbJC","Bilateria","nonbilateria_MARE_BMGE"
"Laumer2019","CNID_Adig","Cnidaria","nonbilateria_MARE_BMGE"
"Laumer2019","CNID_Atet","Cnidaria","nonbilateria_MARE_BMGE"
"Laumer2019","CNID_Csow","Cnidaria","nonbilateria_MARE_BMGE"
"Laumer2019","CNID_Gven","Cnidaria","nonbilateria_MARE_BMGE"
"Laumer2019","CNID_Hvul","Cnidaria","nonbilateria_MARE_BMGE"
"Laumer2019","CNID_Nvec","Cnidaria","nonbilateria_MARE_BMGE"
"Laumer2019","CNID_Phyd","Cnidaria","nonbilateria_MARE_BMGE"
"Laumer2019","CNID_Smel","Cnidaria","nonbilateria_MARE_BMGE"
"Laumer2019","PLAC_Tadh","Placozoa","nonbilateria_MARE_BMGE"
"Laumer2019","PORI_Aque","Porifera","nonbilateria_MARE_BMGE"
"Laumer2019","PORI_Avas","Porifera","nonbilateria_MARE_BMGE"
"Laumer2019","PORI_Ccan","Porifera","nonbilateria_MARE_BMGE"
"Laumer2019","PORI_Ccla","Porifera","nonbilateria_MARE_BMGE"
"Laumer2019","PORI_Cele","Porifera","nonbilateria_MARE_BMGE"
"Laumer2019","PORI_Cnuc","Porifera","nonbilateria_MARE_BMGE"
"Laumer2019","PORI_Cvar","Porifera","nonbilateria_MARE_BMGE"
"Laumer2019","PORI_Ifas","Porifera","nonbilateria_MARE_BMGE"
"Laumer2019","PORI_Ocar","Porifera","nonbilateria_MARE_BMGE"
"Laumer2019","PORI_Pfic","Porifera","nonbilateria_MARE_BMGE"
"Laumer2019","PORI_Psub","Porifera","nonbilateria_MARE_BMGE"
"Laumer2019","PORI_Scil","Porifera","nonbilateria_MARE_BMGE"
"Laumer2019","PORI_Scoa","Porifera","nonbilateria_MARE_BMGE"
"Laumer2019","PORI_Slac","Porifera","nonbilateria_MARE_BMGE"
"Laumer2019","CTEN_Baby","Ctenophora","nonbilateria_MARE_BMGE"
"Laumer2019","CTEN_Edun","Ctenophora","nonbilateria_MARE_BMGE"
"Laumer2019","CTEN_Mlei","Ctenophora","nonbilateria_MARE_BMGE"
"Laumer2019","CTEN_Pbac","Ctenophora","nonbilateria_MARE_BMGE"
"Laumer2019","CTEN_Vmul","Ctenophora","nonbilateria_MARE_BMGE"
"Laumer2019","OUTC_Mbre","Outgroup","nonbilateria_MARE_BMGE"
"Laumer2019","OUTC_Sros","Outgroup","nonbilateria_MARE_BMGE"
"Laumer2019","OUTF_Amac","Outgroup","nonbilateria_MARE_BMGE"
"Laumer2019","OUTF_Foxy","Outgroup","nonbilateria_MARE_BMGE"
"Laumer2019","OUTF_Mver","Outgroup","nonbilateria_MARE_BMGE"
"Laumer2019","OUTF_Rall","Outgroup","nonbilateria_MARE_BMGE"
"Laumer2019","OUTF_Rsol","Outgroup","nonbilateria_MARE_BMGE"
"Laumer2019","OUTF_Spun","Outgroup","nonbilateria_MARE_BMGE"
"Laumer2019","OUTI_Apar","Outgroup","nonbilateria_MARE_BMGE"
"Laumer2019","OUTI_Cowc","Outgroup","nonbilateria_MARE_BMGE"
"Laumer2019","OUTI_Falb","Outgroup","nonbilateria_MARE_BMGE"
"Laumer2019","OUTI_Mvar","Outgroup","nonbilateria_MARE_BMGE"
"Laumer2019","OUTI_Sart","Outgroup","nonbilateria_MARE_BMGE"
"Laumer2019","OUTI_Ttra","Outgroup","nonbilateria_MARE_BMGE"
"Moroz2014","BFLO","Bilateria","ED3d"
"Moroz2014","CINT","Bilateria","ED3d"
"Moroz2014","HSAP","Bilateria","ED3d"
"Moroz2014","SKOW","Bilateria","ED3d"
"Moroz2014","SPUR","Bilateria","ED3d"
"Moroz2014","ACAL","Bilateria","ED3d"
"Moroz2014","LGIG","Bilateria","ED3d"
"Moroz2014","CTEL","Bilateria","ED3d"
"Moroz2014","DPUL","Bilateria","ED3d"
"Moroz2014","DMEL","Bilateria","ED3d"
"Moroz2014","ISCA","Bilateria","ED3d"
"Moroz2014","CGIG","Bilateria","ED3d"
"Moroz2014","AIPT","Cnidaria","ED3d"
"Moroz2014","AVIR","Cnidaria","ED3d"
"Moroz2014","CHEM","Cnidaria","ED3d"
"Moroz2014","HVUL","Cnidaria","ED3d"
"Moroz2014","NVEC","Cnidaria","ED3d"
"Moroz2014","PCAR","Cnidaria","ED3d"
"Moroz2014","PAST","Cnidaria","ED3d"
"Moroz2014","HECH","Cnidaria","ED3d"
"Moroz2014","ADIG","Cnidaria","ED3d"
"Moroz2014","GVEN","Cnidaria","ED3d"
"Moroz2014","TADH","Placozoa","ED3d"
"Moroz2014","AQUE","Porifera","ED3d"
"Moroz2014","AVAS","Porifera","ED3d"
"Moroz2014","CFOL","Porifera","ED3d"
"Moroz2014","EMUE","Porifera","ED3d"
"Moroz2014","HCAL","Porifera","ED3d"
"Moroz2014","OMIN","Porifera","ED3d"
"Moroz2014","OCAR","Porifera","ED3d"
"Moroz2014","LCHA","Porifera","ED3d"
"Moroz2014","SCOA","Porifera","ED3d"
"Moroz2014","PBAC","Ctenophora","ED3d"
"Moroz2014","PPIL","Ctenophora","ED3d"
"Moroz2014","MERT","Ctenophora","ED3d"
"Moroz2014","BINF","Ctenophora","ED3d"
"Moroz2014","COEL","Ctenophora","ED3d"
"Moroz2014","EDUN","Ctenophora","ED3d"
"Moroz2014","VALL","Ctenophora","ED3d"
"Moroz2014","DGLA","Ctenophora","ED3d"
"Moroz2014","MLEI","Ctenophora","ED3d"
"Moroz2014","BCUC","Ctenophora","ED3d"
"Moroz2014","PATL","Ctenophora","ED3d"
"Moroz2014","MOVA","Outgroup","ED3d"
"Moroz2014","MBRE","Outgroup","ED3d"
"Moroz2014","SROS","Outgroup","ED3d"
"Nosenko2013","Petromy_ma","Bilateria","nonribosomal_9187_smatrix"
"Nosenko2013","Danio_reri","Bilateria","nonribosomal_9187_smatrix"
"Nosenko2013","Molgula_te","Bilateria","nonribosomal_9187_smatrix"
"Nosenko2013","Ciona_inte","Bilateria","nonribosomal_9187_smatrix"
"Nosenko2013","Branchi_fl","Bilateria","nonribosomal_9187_smatrix"
"Nosenko2013","Saccogl_ko","Bilateria","nonribosomal_9187_smatrix"
"Nosenko2013","Tubifex_tu","Bilateria","nonribosomal_9187_smatrix"
"Nosenko2013","Helobde_ro","Bilateria","nonribosomal_9187_smatrix"
"Nosenko2013","Capitel_sp","Bilateria","nonribosomal_9187_smatrix"
"Nosenko2013","Crassos_gi","Bilateria","nonribosomal_9187_smatrix"
"Nosenko2013","Aplysia_ca","Bilateria","nonribosomal_9187_smatrix"
"Nosenko2013","Nasonia_vi","Bilateria","nonribosomal_9187_smatrix"
"Nosenko2013","Daphnia_pu","Bilateria","nonribosomal_9187_smatrix"
"Nosenko2013","Ixodes_sca","Bilateria","nonribosomal_9187_smatrix"
"Nosenko2013","Anoplod_er","Bilateria","nonribosomal_9187_smatrix"
"Nosenko2013","Euprymn_sc","Bilateria","nonribosomal_9187_smatrix"
"Nosenko2013","Pedicel_ce","Bilateria","nonribosomal_9187_smatrix"
"Nosenko2013","Pedicul_hu","Bilateria","nonribosomal_9187_smatrix"
"Nosenko2013","Scutige_co","Bilateria","nonribosomal_9187_smatrix"
"Nosenko2013","Strongy_pu","Bilateria","nonribosomal_9187_smatrix"
"Nosenko2013","Xenotur_bo","Bilateria","nonribosomal_9187_smatrix"
"Nosenko2013","Podocor_ca","Cnidaria","nonribosomal_9187_smatrix"
"Nosenko2013","Hydract_ec","Cnidaria","nonribosomal_9187_smatrix"
"Nosenko2013","Hydra_vulg","Cnidaria","nonribosomal_9187_smatrix"
"Nosenko2013","Hydra_magn","Cnidaria","nonribosomal_9187_smatrix"
"Nosenko2013","Clytia_hem","Cnidaria","nonribosomal_9187_smatrix"
"Nosenko2013","Nematos_ve","Cnidaria","nonribosomal_9187_smatrix"
"Nosenko2013","Metridi_se","Cnidaria","nonribosomal_9187_smatrix"
"Nosenko2013","Acropor_mi","Cnidaria","nonribosomal_9187_smatrix"
"Nosenko2013","Acropor_hy","Cnidaria","nonribosomal_9187_smatrix"
"Nosenko2013","Acropor_pa","Cnidaria","nonribosomal_9187_smatrix"
"Nosenko2013","Porites","Cnidaria","nonribosomal_9187_smatrix"
"Nosenko2013","Porites___","Cnidaria","nonribosomal_9187_smatrix"
"Nosenko2013","Cyanea_cap","Cnidaria","nonribosomal_9187_smatrix"
"Nosenko2013","Montast_fa","Cnidaria","nonribosomal_9187_smatrix"
"Nosenko2013","Trichop_ad","Placozoa","nonribosomal_9187_smatrix"
"Nosenko2013","Trichop_H4","Placozoa","nonribosomal_9187_smatrix"
"Nosenko2013","Sycon_cili","Porifera","nonribosomal_9187_smatrix"
"Nosenko2013","Sycon_raph","Porifera","nonribosomal_9187_smatrix"
"Nosenko2013","Leucett_ch","Porifera","nonribosomal_9187_smatrix"
"Nosenko2013","Leucoso_sp","Porifera","nonribosomal_9187_smatrix"
"Nosenko2013","Oscarel_sp","Porifera","nonribosomal_9187_smatrix"
"Nosenko2013","Oscarel_lo","Porifera","nonribosomal_9187_smatrix"
"Nosenko2013","Oscarel_ca","Porifera","nonribosomal_9187_smatrix"
"Nosenko2013","Corticium","Porifera","nonribosomal_9187_smatrix"
"Nosenko2013","Corticium_","Porifera","nonribosomal_9187_smatrix"
"Nosenko2013","Oopsacas_m","Porifera","nonribosomal_9187_smatrix"
"Nosenko2013","Heteroc_ca","Porifera","nonribosomal_9187_smatrix"
"Nosenko2013","Aphroca_va","Porifera","nonribosomal_9187_smatrix"
"Nosenko2013","Suberit_do","Porifera","nonribosomal_9187_smatrix"
"Nosenko2013","Asbesto_sp","Porifera","nonribosomal_9187_smatrix"
"Nosenko2013","Tethya_wil","Porifera","nonribosomal_9187_smatrix"
"Nosenko2013","Astrosc_wi","Porifera","nonribosomal_9187_smatrix"
"Nosenko2013","Lubomir_ba","Porifera","nonribosomal_9187_smatrix"
"Nosenko2013","Ephydat_mu","Porifera","nonribosomal_9187_smatrix"
"Nosenko2013","Pachydi_gl","Porifera","nonribosomal_9187_smatrix"
"Nosenko2013","Amphime_qu","Porifera","nonribosomal_9187_smatrix"
"Nosenko2013","Cratero_me","Porifera","nonribosomal_9187_smatrix"
"Nosenko2013","Carteri_fo","Porifera","nonribosomal_9187_smatrix"
"Nosenko2013","Mnemiop_le","Ctenophora","nonribosomal_9187_smatrix"
"Nosenko2013","Beroe_sp","Ctenophora","nonribosomal_9187_smatrix"
"Nosenko2013","Beroe_sp__","Ctenophora","nonribosomal_9187_smatrix"
"Nosenko2013","Mertens_sp","Ctenophora","nonribosomal_9187_smatrix"
"Nosenko2013","Pleurob_pi","Ctenophora","nonribosomal_9187_smatrix"
"Nosenko2013","Monosig_ov","Outgroup","nonribosomal_9187_smatrix"
"Nosenko2013","Protero_sp","Outgroup","nonribosomal_9187_smatrix"
"Nosenko2013","Monosig_br","Outgroup","nonribosomal_9187_smatrix"
"Nosenko2013","Allomyc_ma","Outgroup","nonribosomal_9187_smatrix"
"Nosenko2013","Batrach_de","Outgroup","nonribosomal_9187_smatrix"
"Nosenko2013","Phycomy_bl","Outgroup","nonribosomal_9187_smatrix"
"Nosenko2013","Spizell_pu","Outgroup","nonribosomal_9187_smatrix"
"Nosenko2013","Capsasp_ow","Outgroup","nonribosomal_9187_smatrix"
"Nosenko2013","Amoebid_pa","Outgroup","nonribosomal_9187_smatrix"
"Nosenko2013","Sphaero_ar","Outgroup","nonribosomal_9187_smatrix"
"Nosenko2013","Petromy_ma","Bilateria","ribosomal_14615_smatrix"
"Nosenko2013","Danio_reri","Bilateria","ribosomal_14615_smatrix"
"Nosenko2013","Molgula_te","Bilateria","ribosomal_14615_smatrix"
"Nosenko2013","Ciona_inte","Bilateria","ribosomal_14615_smatrix"
"Nosenko2013","Branchi_fl","Bilateria","ribosomal_14615_smatrix"
"Nosenko2013","Saccogl_ko","Bilateria","ribosomal_14615_smatrix"
"Nosenko2013","Tubifex_tu","Bilateria","ribosomal_14615_smatrix"
"Nosenko2013","Helobde_ro","Bilateria","ribosomal_14615_smatrix"
"Nosenko2013","Capitel_sp","Bilateria","ribosomal_14615_smatrix"
"Nosenko2013","Crassos_gi","Bilateria","ribosomal_14615_smatrix"
"Nosenko2013","Aplysia_ca","Bilateria","ribosomal_14615_smatrix"
"Nosenko2013","Nasonia_vi","Bilateria","ribosomal_14615_smatrix"
"Nosenko2013","Daphnia_pu","Bilateria","ribosomal_14615_smatrix"
"Nosenko2013","Ixodes_sca","Bilateria","ribosomal_14615_smatrix"
"Nosenko2013","Anoplod_er","Bilateria","ribosomal_14615_smatrix"
"Nosenko2013","Euprymn_sc","Bilateria","ribosomal_14615_smatrix"
"Nosenko2013","Pedicel_ce","Bilateria","ribosomal_14615_smatrix"
"Nosenko2013","Pedicul_hu","Bilateria","ribosomal_14615_smatrix"
"Nosenko2013","Scutige_co","Bilateria","ribosomal_14615_smatrix"
"Nosenko2013","Strongy_pu","Bilateria","ribosomal_14615_smatrix"
"Nosenko2013","Xenotur_bo","Bilateria","ribosomal_14615_smatrix"
"Nosenko2013","Podocor_ca","Cnidaria","ribosomal_14615_smatrix"
"Nosenko2013","Hydract_ec","Cnidaria","ribosomal_14615_smatrix"
"Nosenko2013","Hydra_vulg","Cnidaria","ribosomal_14615_smatrix"
"Nosenko2013","Hydra_magn","Cnidaria","ribosomal_14615_smatrix"
"Nosenko2013","Clytia_hem","Cnidaria","ribosomal_14615_smatrix"
"Nosenko2013","Nematos_ve","Cnidaria","ribosomal_14615_smatrix"
"Nosenko2013","Metridi_se","Cnidaria","ribosomal_14615_smatrix"
"Nosenko2013","Acropor_mi","Cnidaria","ribosomal_14615_smatrix"
"Nosenko2013","Acropor_hy","Cnidaria","ribosomal_14615_smatrix"
"Nosenko2013","Acropor_pa","Cnidaria","ribosomal_14615_smatrix"
"Nosenko2013","Porites","Cnidaria","ribosomal_14615_smatrix"
"Nosenko2013","Porites___","Cnidaria","ribosomal_14615_smatrix"
"Nosenko2013","Cyanea_cap","Cnidaria","ribosomal_14615_smatrix"
"Nosenko2013","Montast_fa","Cnidaria","ribosomal_14615_smatrix"
"Nosenko2013","Trichop_ad","Placozoa","ribosomal_14615_smatrix"
"Nosenko2013","Trichop_H4","Placozoa","ribosomal_14615_smatrix"
"Nosenko2013","Sycon_raph","Porifera","ribosomal_14615_smatrix"
"Nosenko2013","Leucett_ch","Porifera","ribosomal_14615_smatrix"
"Nosenko2013","Leucoso_sp","Porifera","ribosomal_14615_smatrix"
"Nosenko2013","Oscarel_sp","Porifera","ribosomal_14615_smatrix"
"Nosenko2013","Oscarel_lo","Porifera","ribosomal_14615_smatrix"
"Nosenko2013","Oscarel_ca","Porifera","ribosomal_14615_smatrix"
"Nosenko2013","Corticium","Porifera","ribosomal_14615_smatrix"
"Nosenko2013","Corticium_","Porifera","ribosomal_14615_smatrix"
"Nosenko2013","Oopsacas_m","Porifera","ribosomal_14615_smatrix"
"Nosenko2013","Heteroc_ca","Porifera","ribosomal_14615_smatrix"
"Nosenko2013","Aphroca_va","Porifera","ribosomal_14615_smatrix"
"Nosenko2013","Suberit_do","Porifera","ribosomal_14615_smatrix"
"Nosenko2013","Suberit_fu","Porifera","ribosomal_14615_smatrix"
"Nosenko2013","Asbesto_sp","Porifera","ribosomal_14615_smatrix"
"Nosenko2013","Tethya_wil","Porifera","ribosomal_14615_smatrix"
"Nosenko2013","Astrosc_wi","Porifera","ribosomal_14615_smatrix"
"Nosenko2013","Lubomir_ba","Porifera","ribosomal_14615_smatrix"
"Nosenko2013","Ephydat_mu","Porifera","ribosomal_14615_smatrix"
"Nosenko2013","Pachydi_gl","Porifera","ribosomal_14615_smatrix"
"Nosenko2013","Amphime_qu","Porifera","ribosomal_14615_smatrix"
"Nosenko2013","Cratero_me","Porifera","ribosomal_14615_smatrix"
"Nosenko2013","Carteri_fo","Porifera","ribosomal_14615_smatrix"
"Nosenko2013","Mnemiop_le","Ctenophora","ribosomal_14615_smatrix"
"Nosenko2013","Beroe_sp","Ctenophora","ribosomal_14615_smatrix"
"Nosenko2013","Beroe_sp__","Ctenophora","ribosomal_14615_smatrix"
"Nosenko2013","Mertens_sp","Ctenophora","ribosomal_14615_smatrix"
"Nosenko2013","Pleurob_pi","Ctenophora","ribosomal_14615_smatrix"
"Nosenko2013","Monosig_ov","Outgroup","ribosomal_14615_smatrix"
"Nosenko2013","Protero_sp","Outgroup","ribosomal_14615_smatrix"
"Nosenko2013","Monosig_br","Outgroup","ribosomal_14615_smatrix"
"Nosenko2013","Allomyc_ma","Outgroup","ribosomal_14615_smatrix"
"Nosenko2013","Batrach_de","Outgroup","ribosomal_14615_smatrix"
"Nosenko2013","Phycomy_bl","Outgroup","ribosomal_14615_smatrix"
"Nosenko2013","Spizell_pu","Outgroup","ribosomal_14615_smatrix"
"Nosenko2013","Capsasp_ow","Outgroup","ribosomal_14615_smatrix"
"Nosenko2013","Amoebid_pa","Outgroup","ribosomal_14615_smatrix"
"Nosenko2013","Sphaero_ar","Outgroup","ribosomal_14615_smatrix"
"Philippe2009","Xenoturbella_bocki","Bilateria","Philippe_etal_superalignment_FixedNames"
"Philippe2009","Strongylocentrotus_purpuratus","Bilateria","Philippe_etal_superalignment_FixedNames"
"Philippe2009","Saccoglossus_kowalevskii","Bilateria","Philippe_etal_superalignment_FixedNames"
"Philippe2009","Branchiostoma_floridae","Bilateria","Philippe_etal_superalignment_FixedNames"
"Philippe2009","Petromyzon_marinus","Bilateria","Philippe_etal_superalignment_FixedNames"
"Philippe2009","Danio_rerio","Bilateria","Philippe_etal_superalignment_FixedNames"
"Philippe2009","Molgula_tectiformis","Bilateria","Philippe_etal_superalignment_FixedNames"
"Philippe2009","CionaXsavignyi","Bilateria","Philippe_etal_superalignment_FixedNames"
"Philippe2009","Euprymna_scolopes","Bilateria","Philippe_etal_superalignment_FixedNames"
"Philippe2009","Crassostrea_gigas","Bilateria","Philippe_etal_superalignment_FixedNames"
"Philippe2009","AplysiaXcalifornica","Bilateria","Philippe_etal_superalignment_FixedNames"
"Philippe2009","Pedicellina_cernua","Bilateria","Philippe_etal_superalignment_FixedNames"
"Philippe2009","Capitella_sp__i_ecs-2004","Bilateria","Philippe_etal_superalignment_FixedNames"
"Philippe2009","TubifexXtubifex","Bilateria","Philippe_etal_superalignment_FixedNames"
"Philippe2009","Helobdella_robusta","Bilateria","Philippe_etal_superalignment_FixedNames"
"Philippe2009","DaphniaXpulex","Bilateria","Philippe_etal_superalignment_FixedNames"
"Philippe2009","PediculusXhumanus","Bilateria","Philippe_etal_superalignment_FixedNames"
"Philippe2009","NasoniaXvitripennis","Bilateria","Philippe_etal_superalignment_FixedNames"
"Philippe2009","ScutigeraXcoleoptrata","Bilateria","Philippe_etal_superalignment_FixedNames"
"Philippe2009","IxodesXscapularis","Bilateria","Philippe_etal_superalignment_FixedNames"
"Philippe2009","Anoplodactylus_eroticus","Bilateria","Philippe_etal_superalignment_FixedNames"
"Philippe2009","Nematostella_vectensis","Cnidaria","Philippe_etal_superalignment_FixedNames"
"Philippe2009","Metridium_senile","Cnidaria","Philippe_etal_superalignment_FixedNames"
"Philippe2009","Montastraea_faveolata","Cnidaria","Philippe_etal_superalignment_FixedNames"
"Philippe2009","Acropora_millepora","Cnidaria","Philippe_etal_superalignment_FixedNames"
"Philippe2009","CyaneaXcapillata","Cnidaria","Philippe_etal_superalignment_FixedNames"
"Philippe2009","HydraXmagnipapillata","Cnidaria","Philippe_etal_superalignment_FixedNames"
"Philippe2009","ClytiaXhemisphaerica","Cnidaria","Philippe_etal_superalignment_FixedNames"
"Philippe2009","Podocoryne_carnea","Cnidaria","Philippe_etal_superalignment_FixedNames"
"Philippe2009","Hydractinia_echinata","Cnidaria","Philippe_etal_superalignment_FixedNames"
"Philippe2009","Euperipatoides_kanangrensis","Cnidaria","Philippe_etal_superalignment_FixedNames"
"Philippe2009","Trichoplax_adhaerens","Placozoa","Philippe_etal_superalignment_FixedNames"
"Philippe2009","Oscarella_carmela","Porifera","Philippe_etal_superalignment_FixedNames"
"Philippe2009","SyconXraphanus","Porifera","Philippe_etal_superalignment_FixedNames"
"Philippe2009","LeucettaXchagosensis","Porifera","Philippe_etal_superalignment_FixedNames"
"Philippe2009","OopsacasXminuta","Porifera","Philippe_etal_superalignment_FixedNames"
"Philippe2009","Heterochone_sp","Porifera","Philippe_etal_superalignment_FixedNames"
"Philippe2009","Carteriospongia_foliascens","Porifera","Philippe_etal_superalignment_FixedNames"
"Philippe2009","RenieraXsp","Porifera","Philippe_etal_superalignment_FixedNames"
"Philippe2009","Suberites_domuncula","Porifera","Philippe_etal_superalignment_FixedNames"
"Philippe2009","Ephydatia_muelleri","Porifera","Philippe_etal_superalignment_FixedNames"
"Philippe2009","Pleurobrachia_pileus","Ctenophora","Philippe_etal_superalignment_FixedNames"
"Philippe2009","mertensiid_sp","Ctenophora","Philippe_etal_superalignment_FixedNames"
"Philippe2009","Mnemiopsis_leidyi","Ctenophora","Philippe_etal_superalignment_FixedNames"
"Philippe2009","Spizellomyces_punctatus","Outgroup","Philippe_etal_superalignment_FixedNames"
"Philippe2009","Batrachochytrium_dendrobatidis","Outgroup","Philippe_etal_superalignment_FixedNames"
"Philippe2009","AllomycesXmacrogynus","Outgroup","Philippe_etal_superalignment_FixedNames"
"Philippe2009","RhizopusXoryzae","Outgroup","Philippe_etal_superalignment_FixedNames"
"Philippe2009","Phycomyces_blakesleeanus","Outgroup","Philippe_etal_superalignment_FixedNames"
"Philippe2009","Sphaeroforma_arctica","Outgroup","Philippe_etal_superalignment_FixedNames"
"Philippe2009","Amoebidium_parasiticum","Outgroup","Philippe_etal_superalignment_FixedNames"
"Philippe2009","Capsaspora_owczarzaki","Outgroup","Philippe_etal_superalignment_FixedNames"
"Philippe2009","MonosigaXovata","Outgroup","Philippe_etal_superalignment_FixedNames"
"Philippe2009","Proterospongia_sp","Outgroup","Philippe_etal_superalignment_FixedNames"
"Philippe2009","MonosigaXbrevicollis","Outgroup","Philippe_etal_superalignment_FixedNames"
"Philippe2011","Acanthoscurria_gomesiana","Bilateria","UPDUNN_MB_FixedNames"
"Philippe2011","Anoplodactylus_eroticus","Bilateria","UPDUNN_MB_FixedNames"
"Philippe2011","Aplysia_californica","Bilateria","UPDUNN_MB_FixedNames"
"Philippe2011","Argopecten_irradians","Bilateria","UPDUNN_MB_FixedNames"
"Philippe2011","Asterina_pectinifera","Bilateria","UPDUNN_MB_FixedNames"
"Philippe2011","Biomphalaria_glabrata","Bilateria","UPDUNN_MB_FixedNames"
"Philippe2011","Boophilus_microplus","Bilateria","UPDUNN_MB_FixedNames"
"Philippe2011","Branchiostoma_floridae","Bilateria","UPDUNN_MB_FixedNames"
"Philippe2011","Carcinoscorpius_rotundicauda","Bilateria","UPDUNN_MB_FixedNames"
"Philippe2011","Carcinus_maenas","Bilateria","UPDUNN_MB_FixedNames"
"Philippe2011","Carinoma_mutabilis","Bilateria","UPDUNN_MB_FixedNames"
"Philippe2011","Cerebratulus_lacteus","Bilateria","UPDUNN_MB_FixedNames"
"Philippe2011","Chaetoderma_nitidulum","Bilateria","UPDUNN_MB_FixedNames"
"Philippe2011","Chaetopleura_apiculata","Bilateria","UPDUNN_MB_FixedNames"
"Philippe2011","Ciona_intestinalis","Bilateria","UPDUNN_MB_FixedNames"
"Philippe2011","Drosophila_melanogaster","Bilateria","UPDUNN_MB_FixedNames"
"Philippe2011","Dugesia_japonica","Bilateria","UPDUNN_MB_FixedNames"
"Philippe2011","Echinococcus_granulosus","Bilateria","UPDUNN_MB_FixedNames"
"Philippe2011","Echinoderes_horni","Bilateria","UPDUNN_MB_FixedNames"
"Philippe2011","Euperipatoides_kanangrensis","Bilateria","UPDUNN_MB_FixedNames"
"Philippe2011","Euprymna_scolopes","Bilateria","UPDUNN_MB_FixedNames"
"Philippe2011","Fenneropenaeus_chinensis","Bilateria","UPDUNN_MB_FixedNames"
"Philippe2011","Gallus_gallus","Bilateria","UPDUNN_MB_FixedNames"
"Philippe2011","Haementeria_depressa","Bilateria","UPDUNN_MB_FixedNames"
"Philippe2011","Homo_sapiens","Bilateria","UPDUNN_MB_FixedNames"
"Philippe2011","Hypsibius_dujardini","Bilateria","UPDUNN_MB_FixedNames"
"Philippe2011","Lumbricus_rubellus","Bilateria","UPDUNN_MB_FixedNames"
"Philippe2011","Macrostomum_lignano","Bilateria","UPDUNN_MB_FixedNames"
"Philippe2011","Mytilus_galloprovincialis","Bilateria","UPDUNN_MB_FixedNames"
"Philippe2011","Phoronis_vancouverensis","Bilateria","UPDUNN_MB_FixedNames"
"Philippe2011","Platynereis_dumerilii","Bilateria","UPDUNN_MB_FixedNames"
"Philippe2011","Priapulus_caudatus","Bilateria","UPDUNN_MB_FixedNames"
"Philippe2011","Ptychodera_flava","Bilateria","UPDUNN_MB_FixedNames"
"Philippe2011","Richtersius_coronifer","Bilateria","UPDUNN_MB_FixedNames"
"Philippe2011","Saccoglossus_kowalevskii","Bilateria","UPDUNN_MB_FixedNames"
"Philippe2011","Schmidtea_mediterranea","Bilateria","UPDUNN_MB_FixedNames"
"Philippe2011","Scutigera_coleoptrata","Bilateria","UPDUNN_MB_FixedNames"
"Philippe2011","Spinochordodes_tellinii","Bilateria","UPDUNN_MB_FixedNames"
"Philippe2011","Strongylocentrotus_purpuratus","Bilateria","UPDUNN_MB_FixedNames"
"Philippe2011","Terebratalia_transversa","Bilateria","UPDUNN_MB_FixedNames"
"Philippe2011","Themiste_lageniformis","Bilateria","UPDUNN_MB_FixedNames"
"Philippe2011","Trichinella_spiralis","Bilateria","UPDUNN_MB_FixedNames"
"Philippe2011","Urechis_caupo","Bilateria","UPDUNN_MB_FixedNames"
"Philippe2011","Xenoturbella_bocki","Bilateria","UPDUNN_MB_FixedNames"
"Philippe2011","Xiphinema_index","Bilateria","UPDUNN_MB_FixedNames"
"Philippe2011","Daphnia_pulex","Bilateria","UPDUNN_MB_FixedNames"
"Philippe2011","Crassostrea_gigas","Bilateria","UPDUNN_MB_FixedNames"
"Philippe2011","Capitella_sp__i_ecs-2004","Bilateria","UPDUNN_MB_FixedNames"
"Philippe2011","Chaetopterus_sp","Bilateria","UPDUNN_MB_FixedNames"
"Philippe2011","Pedicellina_cernua","Bilateria","UPDUNN_MB_FixedNames"
"Philippe2011","Paraplanocera_sp","Bilateria","UPDUNN_MB_FixedNames"
"Philippe2011","Turbanella_ambronensis","Bilateria","UPDUNN_MB_FixedNames"
"Philippe2011","Myzostoma_seymourcollegiorum","Bilateria","UPDUNN_MB_FixedNames"
"Philippe2011","Symsagittifera_roscoffensis","Bilateria","UPDUNN_MB_FixedNames"
"Philippe2011","Neochildia_fusca","Bilateria","UPDUNN_MB_FixedNames"
"Philippe2011","Gnathostomula_peregrina","Bilateria","UPDUNN_MB_FixedNames"
"Philippe2011","Philodina_roseola","Bilateria","UPDUNN_MB_FixedNames"
"Philippe2011","Brachionus_plicatilis","Bilateria","UPDUNN_MB_FixedNames"
"Philippe2011","Bugula_neritina","Bilateria","UPDUNN_MB_FixedNames"
"Philippe2011","Cristatella_mucedo","Bilateria","UPDUNN_MB_FixedNames"
"Philippe2011","Spadella_cephaloptera","Bilateria","UPDUNN_MB_FixedNames"
"Philippe2011","Flaccisagitta_enflata","Bilateria","UPDUNN_MB_FixedNames"
"Philippe2011","Hydractinia_echinata","Cnidaria","UPDUNN_MB_FixedNames"
"Philippe2011","Hydra_magnipapillata","Cnidaria","UPDUNN_MB_FixedNames"
"Philippe2011","Cyanea_capillata","Cnidaria","UPDUNN_MB_FixedNames"
"Philippe2011","Nematostella_vectensis","Cnidaria","UPDUNN_MB_FixedNames"
"Philippe2011","Acropora_millepora","Cnidaria","UPDUNN_MB_FixedNames"
"Philippe2011","Oscarella_carmela","Porifera","UPDUNN_MB_FixedNames"
"Philippe2011","Reniera_sp","Porifera","UPDUNN_MB_FixedNames"
"Philippe2011","Mnemiopsis_leidyi","Ctenophora","UPDUNN_MB_FixedNames"
"Philippe2011","mertensiid_sp","Ctenophora","UPDUNN_MB_FixedNames"
"Philippe2011","Saccharomyces_cerevisiae","Outgroup","UPDUNN_MB_FixedNames"
"Philippe2011","Cryptococcus_neoformans","Outgroup","UPDUNN_MB_FixedNames"
"Philippe2011","Sphaeroforma_arctica","Outgroup","UPDUNN_MB_FixedNames"
"Philippe2011","Amoebidium_parasiticum","Outgroup","UPDUNN_MB_FixedNames"
"Philippe2011","Capsaspora_owczarzaki","Outgroup","UPDUNN_MB_FixedNames"
"Philippe2011","Monosiga_ovata","Outgroup","UPDUNN_MB_FixedNames"
"Pick2010","Lumbricus_","Bilateria","Pick2010"
"Pick2010","Haementeri","Bilateria","Pick2010"
"Pick2010","Urechis_ca","Bilateria","Pick2010"
"Pick2010","Capitella_","Bilateria","Pick2010"
"Pick2010","Platynerei","Bilateria","Pick2010"
"Pick2010","Themiste_l","Bilateria","Pick2010"
"Pick2010","Chaetopter","Bilateria","Pick2010"
"Pick2010","Terebratal","Bilateria","Pick2010"
"Pick2010","Phoronis_v","Bilateria","Pick2010"
"Pick2010","Cerebratul","Bilateria","Pick2010"
"Pick2010","Carinoma_m","Bilateria","Pick2010"
"Pick2010","Crassostre","Bilateria","Pick2010"
"Pick2010","Argopecten","Bilateria","Pick2010"
"Pick2010","Mytilus_ga","Bilateria","Pick2010"
"Pick2010","Biomphalar","Bilateria","Pick2010"
"Pick2010","Aplysia_ca","Bilateria","Pick2010"
"Pick2010","Euprymna_s","Bilateria","Pick2010"
"Pick2010","Chaetopleu","Bilateria","Pick2010"
"Pick2010","Chaetoderm","Bilateria","Pick2010"
"Pick2010","Schmidtea_","Bilateria","Pick2010"
"Pick2010","Dugesia_ja","Bilateria","Pick2010"
"Pick2010","Echinococc","Bilateria","Pick2010"
"Pick2010","Paraplanoc","Bilateria","Pick2010"
"Pick2010","Macrostomu","Bilateria","Pick2010"
"Pick2010","Acanthoscu","Bilateria","Pick2010"
"Pick2010","Boophilus_","Bilateria","Pick2010"
"Pick2010","Anoplodact","Bilateria","Pick2010"
"Pick2010","Carcinosco","Bilateria","Pick2010"
"Pick2010","Scutigera_","Bilateria","Pick2010"
"Pick2010","Litopenaeu","Bilateria","Pick2010"
"Pick2010","Homarus_am","Bilateria","Pick2010"
"Pick2010","Drosophila","Bilateria","Pick2010"
"Pick2010","Daphnia_pu","Bilateria","Pick2010"
"Pick2010","Euperipato","Bilateria","Pick2010"
"Pick2010","Xiphinema_","Bilateria","Pick2010"
"Pick2010","Trichinell","Bilateria","Pick2010"
"Pick2010","Spinochord","Bilateria","Pick2010"
"Pick2010","Richtersiu","Bilateria","Pick2010"
"Pick2010","Hypsibius_","Bilateria","Pick2010"
"Pick2010","Priapulus_","Bilateria","Pick2010"
"Pick2010","Echinodere","Bilateria","Pick2010"
"Pick2010","Saccogloss","Bilateria","Pick2010"
"Pick2010","Ptychodera","Bilateria","Pick2010"
"Pick2010","Strongyloc","Bilateria","Pick2010"
"Pick2010","Asterina_p","Bilateria","Pick2010"
"Pick2010","Xenoturbel","Bilateria","Pick2010"
"Pick2010","Homo_sapie","Bilateria","Pick2010"
"Pick2010","Gallus_gal","Bilateria","Pick2010"
"Pick2010","Ciona_inte","Bilateria","Pick2010"
"Pick2010","Branchiost","Bilateria","Pick2010"
"Pick2010","Podocoryne","Cnidaria","Pick2010"
"Pick2010","Hydractini","Cnidaria","Pick2010"
"Pick2010","Hydra_magn","Cnidaria","Pick2010"
"Pick2010","Clytia_hem","Cnidaria","Pick2010"
"Pick2010","Cyanea_cap","Cnidaria","Pick2010"
"Pick2010","Metridium_","Cnidaria","Pick2010"
"Pick2010","Anemonia_v","Cnidaria","Pick2010"
"Pick2010","Nematostel","Cnidaria","Pick2010"
"Pick2010","Montastrae","Cnidaria","Pick2010"
"Pick2010","Acropora_m","Cnidaria","Pick2010"
"Pick2010","Trichoplax","Placozoa","Pick2010"
"Pick2010","Lubomirski","Porifera","Pick2010"
"Pick2010","Ephydatia_","Porifera","Pick2010"
"Pick2010","Pachydicty","Porifera","Pick2010"
"Pick2010","Suberites_","Porifera","Pick2010"
"Pick2010","Amphimedon","Porifera","Pick2010"
"Pick2010","Carteriosp","Porifera","Pick2010"
"Pick2010","Heterochon","Porifera","Pick2010"
"Pick2010","Crateromor","Porifera","Pick2010"
"Pick2010","Oopsacas_m","Porifera","Pick2010"
"Pick2010","Oscarella_","Porifera","Pick2010"
"Pick2010","Oscarell00","Porifera","Pick2010"
"Pick2010","Sycon_raph","Porifera","Pick2010"
"Pick2010","Leucetta_c","Porifera","Pick2010"
"Pick2010","mertensiid","Ctenophora","Pick2010"
"Pick2010","Pleurobrac","Ctenophora","Pick2010"
"Pick2010","Mnemiopsis","Ctenophora","Pick2010"
"Pick2010","Proterospo","Outgroup","Pick2010"
"Pick2010","Monosiga_b","Outgroup","Pick2010"
"Pick2010","Monosiga00","Outgroup","Pick2010"
"Pick2010","Amoebidium","Outgroup","Pick2010"
"Pick2010","Capsaspora","Outgroup","Pick2010"
"Pick2010","Sphaerofor","Outgroup","Pick2010"
"Ryan2013","Nemertoderma_westbladi","Bilateria","REA_EST_includingXenoturbella"
"Ryan2013","Meara_stichopi","Bilateria","REA_EST_includingXenoturbella"
"Ryan2013","Isodiametra_pulchra","Bilateria","REA_EST_includingXenoturbella"
"Ryan2013","Symsagittifera_roscoffensis","Bilateria","REA_EST_includingXenoturbella"
"Ryan2013","Convolutriloba_longifissura","Bilateria","REA_EST_includingXenoturbella"
"Ryan2013","Saccoglossus_kowalevskii","Bilateria","REA_EST_includingXenoturbella"
"Ryan2013","Ptychodera_flava","Bilateria","REA_EST_includingXenoturbella"
"Ryan2013","Strongylocentrotus_purpuratus","Bilateria","REA_EST_includingXenoturbella"
"Ryan2013","Asterina_pectinifera","Bilateria","REA_EST_includingXenoturbella"
"Ryan2013","Branchiostoma_floridae","Bilateria","REA_EST_includingXenoturbella"
"Ryan2013","Petromyzon_marinus","Bilateria","REA_EST_includingXenoturbella"
"Ryan2013","Gallus_gallus","Bilateria","REA_EST_includingXenoturbella"
"Ryan2013","Ciona_intestinalis","Bilateria","REA_EST_includingXenoturbella"
"Ryan2013","Halocynthia_roretzi","Bilateria","REA_EST_includingXenoturbella"
"Ryan2013","Echinoderes_horni ","Bilateria","REA_EST_includingXenoturbella"
"Ryan2013","Xiphinema_index","Bilateria","REA_EST_includingXenoturbella"
"Ryan2013","Euperipatoides_kanangrensis","Bilateria","REA_EST_includingXenoturbella"
"Ryan2013","Anoplodactylus_eroticus","Bilateria","REA_EST_includingXenoturbella"
"Ryan2013","Boophilus_microplus","Bilateria","REA_EST_includingXenoturbella"
"Ryan2013","Daphnia_pulex","Bilateria","REA_EST_includingXenoturbella"
"Ryan2013","Drosophila_melanogaster","Bilateria","REA_EST_includingXenoturbella"
"Ryan2013","Schmidtea_mediterranea","Bilateria","REA_EST_includingXenoturbella"
"Ryan2013","Paraplanocera_oligoglena","Bilateria","REA_EST_includingXenoturbella"
"Ryan2013","Capitella_telata","Bilateria","REA_EST_includingXenoturbella"
"Ryan2013","Helobdella_robusta","Bilateria","REA_EST_includingXenoturbella"
"Ryan2013","Cerebratulus_lacteus","Bilateria","REA_EST_includingXenoturbella"
"Ryan2013","Terebratalia_transversa","Bilateria","REA_EST_includingXenoturbella"
"Ryan2013","Euprymna_scolopes","Bilateria","REA_EST_includingXenoturbella"
"Ryan2013","Lottia_gigantea","Bilateria","REA_EST_includingXenoturbella"
"Ryan2013","Crassostrea_virginica","Bilateria","REA_EST_includingXenoturbella"
"Ryan2013","Xenoturbella_bocki","Bilateria","REA_EST_includingXenoturbella"
"Ryan2013","Cyanea_capillata","Cnidaria","REA_EST_includingXenoturbella"
"Ryan2013","Clytia_hemisphaerica","Cnidaria","REA_EST_includingXenoturbella"
"Ryan2013","Hydra_magnipapillata","Cnidaria","REA_EST_includingXenoturbella"
"Ryan2013","Podocoryna_carnea","Cnidaria","REA_EST_includingXenoturbella"
"Ryan2013","Hydractinia_echinata","Cnidaria","REA_EST_includingXenoturbella"
"Ryan2013","Nematostella_vectensis","Cnidaria","REA_EST_includingXenoturbella"
"Ryan2013","Anemonia_viridis","Cnidaria","REA_EST_includingXenoturbella"
"Ryan2013","Aiptasia_pallida","Cnidaria","REA_EST_includingXenoturbella"
"Ryan2013","Metridium_senile","Cnidaria","REA_EST_includingXenoturbella"
"Ryan2013","Acropora_palmata","Cnidaria","REA_EST_includingXenoturbella"
"Ryan2013","Acropora_millepora","Cnidaria","REA_EST_includingXenoturbella"
"Ryan2013","Porites_astreoides","Cnidaria","REA_EST_includingXenoturbella"
"Ryan2013","Montastraea_faveolata","Cnidaria","REA_EST_includingXenoturbella"
"Ryan2013","Trichoplax_adhaerens","Placozoa","REA_EST_includingXenoturbella"
"Ryan2013","Leucetta_chagosensis","Porifera","REA_EST_includingXenoturbella"
"Ryan2013","Sycon_raphanus","Porifera","REA_EST_includingXenoturbella"
"Ryan2013","Oscarella_carmela","Porifera","REA_EST_includingXenoturbella"
"Ryan2013","Oscarella_lobularis","Porifera","REA_EST_includingXenoturbella"
"Ryan2013","Oopsacas_minuta","Porifera","REA_EST_includingXenoturbella"
"Ryan2013","Amphimedon_queenslandica","Porifera","REA_EST_includingXenoturbella"
"Ryan2013","Carteriospongia_foliascens","Porifera","REA_EST_includingXenoturbella"
"Ryan2013","Ephydatia_muelleri","Porifera","REA_EST_includingXenoturbella"
"Ryan2013","Lubomirskia_baicalensis","Porifera","REA_EST_includingXenoturbella"
"Ryan2013","Suberites_domuncula","Porifera","REA_EST_includingXenoturbella"
"Ryan2013","Pleurobrachia_pileus","Ctenophora","REA_EST_includingXenoturbella"
"Ryan2013","Mnemiopsis_leidyi","Ctenophora","REA_EST_includingXenoturbella"
"Ryan2013","Mertensiid_sp","Ctenophora","REA_EST_includingXenoturbella"
"Ryan2013","Monosiga_brevicollis","Outgroup","REA_EST_includingXenoturbella"
"Ryan2013","Monosiga_ovata","Outgroup","REA_EST_includingXenoturbella"
"Ryan2013","Salpingoeca_rosetta","Outgroup","REA_EST_includingXenoturbella"
"Simion2017","Aplysia_californica","Bilateria","supermatrix_97sp_401632pos_1719genes"
"Simion2017","Branchiostoma_floridae","Bilateria","supermatrix_97sp_401632pos_1719genes"
"Simion2017","Capitella_teleta","Bilateria","supermatrix_97sp_401632pos_1719genes"
"Simion2017","Crassostrea_gigas","Bilateria","supermatrix_97sp_401632pos_1719genes"
"Simion2017","Daphnia_pulex","Bilateria","supermatrix_97sp_401632pos_1719genes"
"Simion2017","Helobdella_robusta","Bilateria","supermatrix_97sp_401632pos_1719genes"
"Simion2017","Homo_sapiens","Bilateria","supermatrix_97sp_401632pos_1719genes"
"Simion2017","Ixodes_scapularis","Bilateria","supermatrix_97sp_401632pos_1719genes"
"Simion2017","Saccoglossus_kowalevskii","Bilateria","supermatrix_97sp_401632pos_1719genes"
"Simion2017","Strongylocentrotus_purpuratus","Bilateria","supermatrix_97sp_401632pos_1719genes"
"Simion2017","Tribolium_castaneum","Bilateria","supermatrix_97sp_401632pos_1719genes"
"Simion2017","Aiptasia_pallida","Cnidaria","supermatrix_97sp_401632pos_1719genes"
"Simion2017","Aurelia_aurita","Cnidaria","supermatrix_97sp_401632pos_1719genes"
"Simion2017","Clytia_hemisphaerica","Cnidaria","supermatrix_97sp_401632pos_1719genes"
"Simion2017","Craspedacusta_sowerbyi","Cnidaria","supermatrix_97sp_401632pos_1719genes"
"Simion2017","Edwardsiella_lineata","Cnidaria","supermatrix_97sp_401632pos_1719genes"
"Simion2017","Gorgonia_ventalina","Cnidaria","supermatrix_97sp_401632pos_1719genes"
"Simion2017","Hydra_magnipapillata","Cnidaria","supermatrix_97sp_401632pos_1719genes"
"Simion2017","Hydractinia_polyclina","Cnidaria","supermatrix_97sp_401632pos_1719genes"
"Simion2017","Montastraea_faveolata","Cnidaria","supermatrix_97sp_401632pos_1719genes"
"Simion2017","Nanomia_bijuga","Cnidaria","supermatrix_97sp_401632pos_1719genes"
"Simion2017","Nematostella_vectensis","Cnidaria","supermatrix_97sp_401632pos_1719genes"
"Simion2017","Periphylla_periphylla","Cnidaria","supermatrix_97sp_401632pos_1719genes"
"Simion2017","Porites_australiensis","Cnidaria","supermatrix_97sp_401632pos_1719genes"
"Simion2017","Stomolophus_meleagris","Cnidaria","supermatrix_97sp_401632pos_1719genes"
"Simion2017","Alatina_alata","Cnidaria","supermatrix_97sp_401632pos_1719genes"
"Simion2017","Antipathes_caribbeana","Cnidaria","supermatrix_97sp_401632pos_1719genes"
"Simion2017","Atolla_vanhoeffeni","Cnidaria","supermatrix_97sp_401632pos_1719genes"
"Simion2017","Bolocera_tuedia","Cnidaria","supermatrix_97sp_401632pos_1719genes"
"Simion2017","Liriope_tetraphylla","Cnidaria","supermatrix_97sp_401632pos_1719genes"
"Simion2017","Lucernariopsis_campanulata","Cnidaria","supermatrix_97sp_401632pos_1719genes"
"Simion2017","Pelagia_noctiluca","Cnidaria","supermatrix_97sp_401632pos_1719genes"
"Simion2017","Pennatula_rubra","Cnidaria","supermatrix_97sp_401632pos_1719genes"
"Simion2017","Plumapathes_pennacea","Cnidaria","supermatrix_97sp_401632pos_1719genes"
"Simion2017","Trichoplax_adhaerens","Placozoa","supermatrix_97sp_401632pos_1719genes"
"Simion2017","Amphimedon_queenslandica","Porifera","supermatrix_97sp_401632pos_1719genes"
"Simion2017","Aphrocallistes_vastus","Porifera","supermatrix_97sp_401632pos_1719genes"
"Simion2017","Chondrilla_nucula","Porifera","supermatrix_97sp_401632pos_1719genes"
"Simion2017","Corticium_candelabrum","Porifera","supermatrix_97sp_401632pos_1719genes"
"Simion2017","Ephydatia_muelleri","Porifera","supermatrix_97sp_401632pos_1719genes"
"Simion2017","Euplectella_aspergillum","Porifera","supermatrix_97sp_401632pos_1719genes"
"Simion2017","Hyalonema_populiferum","Porifera","supermatrix_97sp_401632pos_1719genes"
"Simion2017","Ircinia_fasciculata","Porifera","supermatrix_97sp_401632pos_1719genes"
"Simion2017","Kirkpatrickia_variolosa","Porifera","supermatrix_97sp_401632pos_1719genes"
"Simion2017","Latrunculia_apicalis","Porifera","supermatrix_97sp_401632pos_1719genes"
"Simion2017","Oscarella_carmela","Porifera","supermatrix_97sp_401632pos_1719genes"
"Simion2017","Petrosia_ficiformis","Porifera","supermatrix_97sp_401632pos_1719genes"
"Simion2017","Rossella_fibulata","Porifera","supermatrix_97sp_401632pos_1719genes"
"Simion2017","Spongilla_lacustris","Porifera","supermatrix_97sp_401632pos_1719genes"
"Simion2017","Sycon_ciliatum","Porifera","supermatrix_97sp_401632pos_1719genes"
"Simion2017","Sycon_coactum","Porifera","supermatrix_97sp_401632pos_1719genes"
"Simion2017","Sympagella_nux","Porifera","supermatrix_97sp_401632pos_1719genes"
"Simion2017","Oscarella_species","Porifera","supermatrix_97sp_401632pos_1719genes"
"Simion2017","Plakina_jani","Porifera","supermatrix_97sp_401632pos_1719genes"
"Simion2017","Leucosolenia_complicata","Porifera","supermatrix_97sp_401632pos_1719genes"
"Simion2017","Leuconia_nivea","Porifera","supermatrix_97sp_401632pos_1719genes"
"Simion2017","Clathrina_coriacea","Porifera","supermatrix_97sp_401632pos_1719genes"
"Simion2017","Pleraplysilla_spinifera","Porifera","supermatrix_97sp_401632pos_1719genes"
"Simion2017","Mycale_phyllophila","Porifera","supermatrix_97sp_401632pos_1719genes"
"Simion2017","Grantia_compressa","Porifera","supermatrix_97sp_401632pos_1719genes"
"Simion2017","Beroe_abyssicola","Ctenophora","supermatrix_97sp_401632pos_1719genes"
"Simion2017","Bolinopsis_infundibulum","Ctenophora","supermatrix_97sp_401632pos_1719genes"
"Simion2017","Cestum_veneris","Ctenophora","supermatrix_97sp_401632pos_1719genes"
"Simion2017","Dryodora_glandiformis","Ctenophora","supermatrix_97sp_401632pos_1719genes"
"Simion2017","Euplokamis_dunlapae","Ctenophora","supermatrix_97sp_401632pos_1719genes"
"Simion2017","Mnemiopsis_leidyi","Ctenophora","supermatrix_97sp_401632pos_1719genes"
"Simion2017","Vallicula_multiformis","Ctenophora","supermatrix_97sp_401632pos_1719genes"
"Simion2017","Beroe_sp.","Ctenophora","supermatrix_97sp_401632pos_1719genes"
"Simion2017","Coeloplana_species","Ctenophora","supermatrix_97sp_401632pos_1719genes"
"Simion2017","Hormiphora_californensis","Ctenophora","supermatrix_97sp_401632pos_1719genes"
"Simion2017","Lampea_pancerina","Ctenophora","supermatrix_97sp_401632pos_1719genes"
"Simion2017","Pleurobrachia_species","Ctenophora","supermatrix_97sp_401632pos_1719genes"
"Simion2017","Amoebidium_parasiticum_JAP72","Outgroup","supermatrix_97sp_401632pos_1719genes"
"Simion2017","Capsaspora_owczarzaki_atcc30864","Outgroup","supermatrix_97sp_401632pos_1719genes"
"Simion2017","Ministeria_vibrans","Outgroup","supermatrix_97sp_401632pos_1719genes"
"Simion2017","Monosiga_brevicollis_mx1","Outgroup","supermatrix_97sp_401632pos_1719genes"
"Simion2017","Salpingoeca_rosetta","Outgroup","supermatrix_97sp_401632pos_1719genes"
"Simion2017","Acanthoeca_spectabilis_VA_02","Outgroup","supermatrix_97sp_401632pos_1719genes"
"Simion2017","Salpingoeca_urceolata_04","Outgroup","supermatrix_97sp_401632pos_1719genes"
"Simion2017","Salpingoeca_roanoka_13","Outgroup","supermatrix_97sp_401632pos_1719genes"
"Simion2017","Salpingoeca_qvevrii_09","Outgroup","supermatrix_97sp_401632pos_1719genes"
"Simion2017","Salpingoeca_punica_03","Outgroup","supermatrix_97sp_401632pos_1719genes"
"Simion2017","Salpingoeca_dolichothecata_16","Outgroup","supermatrix_97sp_401632pos_1719genes"
"Simion2017","Salpingoeca_helianthica_18","Outgroup","supermatrix_97sp_401632pos_1719genes"
"Simion2017","Salpingoeca_infusionum_12","Outgroup","supermatrix_97sp_401632pos_1719genes"
"Simion2017","Salpingoeca_macrocollata_06","Outgroup","supermatrix_97sp_401632pos_1719genes"
"Simion2017","Stephanoeca_diplocostata_AUFR","Outgroup","supermatrix_97sp_401632pos_1719genes"
"Simion2017","Codosiga_hollandica_17","Outgroup","supermatrix_97sp_401632pos_1719genes"
"Simion2017","Mylnosiga_fluctuans_19","Outgroup","supermatrix_97sp_401632pos_1719genes"
"Simion2017","Choanoeca_perplexa_11","Outgroup","supermatrix_97sp_401632pos_1719genes"
"Simion2017","Diaphanoeca_grandis_RI_01","Outgroup","supermatrix_97sp_401632pos_1719genes"
"Simion2017","Didymoeca_costata_10","Outgroup","supermatrix_97sp_401632pos_1719genes"
"Simion2017","Abeoforma_whisleri","Outgroup","supermatrix_97sp_401632pos_1719genes"
"Simion2017","Creolimax_fragrantissima","Outgroup","supermatrix_97sp_401632pos_1719genes"
"Simion2017","Pirum_gemmata","Outgroup","supermatrix_97sp_401632pos_1719genes"
"Simion2017","Sphaeroforma_arctica_JP610","Outgroup","supermatrix_97sp_401632pos_1719genes"
"Whelan2015","Capitella_teleta","Bilateria","Dataset10_CertainPruned_LBAtaxa_LBAandHeteroGenesPruned"
"Whelan2015","Danio_rerio","Bilateria","Dataset10_CertainPruned_LBAtaxa_LBAandHeteroGenesPruned"
"Whelan2015","Daphnia_pulex","Bilateria","Dataset10_CertainPruned_LBAtaxa_LBAandHeteroGenesPruned"
"Whelan2015","Drosophila_melanogaster","Bilateria","Dataset10_CertainPruned_LBAtaxa_LBAandHeteroGenesPruned"
"Whelan2015","Homo_sapiens","Bilateria","Dataset10_CertainPruned_LBAtaxa_LBAandHeteroGenesPruned"
"Whelan2015","Lottia_gigantea","Bilateria","Dataset10_CertainPruned_LBAtaxa_LBAandHeteroGenesPruned"
"Whelan2015","Petromyzon_marinus","Bilateria","Dataset10_CertainPruned_LBAtaxa_LBAandHeteroGenesPruned"
"Whelan2015","Priapulus_caudatus","Bilateria","Dataset10_CertainPruned_LBAtaxa_LBAandHeteroGenesPruned"
"Whelan2015","Saccoglossus_kowalevskii","Bilateria","Dataset10_CertainPruned_LBAtaxa_LBAandHeteroGenesPruned"
"Whelan2015","Strongylocentrotus_purpuratus","Bilateria","Dataset10_CertainPruned_LBAtaxa_LBAandHeteroGenesPruned"
"Whelan2015","Hemithiris_psittacea","Bilateria","Dataset10_CertainPruned_LBAtaxa_LBAandHeteroGenesPruned"
"Whelan2015","Lithobius_forficatus","Bilateria","Dataset10_CertainPruned_LBAtaxa_LBAandHeteroGenesPruned"
"Whelan2015","Tubulanus_polymorphus","Bilateria","Dataset10_CertainPruned_LBAtaxa_LBAandHeteroGenesPruned"
"Whelan2015","Abylopsis_tetragona","Cnidaria","Dataset10_CertainPruned_LBAtaxa_LBAandHeteroGenesPruned"
"Whelan2015","Acropora_digitifera","Cnidaria","Dataset10_CertainPruned_LBAtaxa_LBAandHeteroGenesPruned"
"Whelan2015","Agalma_elegans","Cnidaria","Dataset10_CertainPruned_LBAtaxa_LBAandHeteroGenesPruned"
"Whelan2015","Aiptasia_pallida","Cnidaria","Dataset10_CertainPruned_LBAtaxa_LBAandHeteroGenesPruned"
"Whelan2015","Aurelia_aurita","Cnidaria","Dataset10_CertainPruned_LBAtaxa_LBAandHeteroGenesPruned"
"Whelan2015","Bolocera_tuediae","Cnidaria","Dataset10_CertainPruned_LBAtaxa_LBAandHeteroGenesPruned"
"Whelan2015","Eunicella_verrucosa","Cnidaria","Dataset10_CertainPruned_LBAtaxa_LBAandHeteroGenesPruned"
"Whelan2015","Hormathia_digitata","Cnidaria","Dataset10_CertainPruned_LBAtaxa_LBAandHeteroGenesPruned"
"Whelan2015","Hydra_oligactis","Cnidaria","Dataset10_CertainPruned_LBAtaxa_LBAandHeteroGenesPruned"
"Whelan2015","Hydra_viridissima","Cnidaria","Dataset10_CertainPruned_LBAtaxa_LBAandHeteroGenesPruned"
"Whelan2015","Hydra_vulgaris","Cnidaria","Dataset10_CertainPruned_LBAtaxa_LBAandHeteroGenesPruned"
"Whelan2015","Nanomia_bijuga","Cnidaria","Dataset10_CertainPruned_LBAtaxa_LBAandHeteroGenesPruned"
"Whelan2015","Nematostella_vectensis","Cnidaria","Dataset10_CertainPruned_LBAtaxa_LBAandHeteroGenesPruned"
"Whelan2015","Craseoa_lathetica","Cnidaria","Dataset10_CertainPruned_LBAtaxa_LBAandHeteroGenesPruned"
"Whelan2015","Periphylla_periphylla","Cnidaria","Dataset10_CertainPruned_LBAtaxa_LBAandHeteroGenesPruned"
"Whelan2015","Physalia_physalis","Cnidaria","Dataset10_CertainPruned_LBAtaxa_LBAandHeteroGenesPruned"
"Whelan2015","Platygyra_carnosa","Cnidaria","Dataset10_CertainPruned_LBAtaxa_LBAandHeteroGenesPruned"
"Whelan2015","Trichoplax_adhaerens","Placozoa","Dataset10_CertainPruned_LBAtaxa_LBAandHeteroGenesPruned"
"Whelan2015","Amphimedon_queenslandica","Porifera","Dataset10_CertainPruned_LBAtaxa_LBAandHeteroGenesPruned"
"Whelan2015","Aphrocallistes_vastus","Porifera","Dataset10_CertainPruned_LBAtaxa_LBAandHeteroGenesPruned"
"Whelan2015","Chondrilla_nucula","Porifera","Dataset10_CertainPruned_LBAtaxa_LBAandHeteroGenesPruned"
"Whelan2015","Corticium_candelabrum","Porifera","Dataset10_CertainPruned_LBAtaxa_LBAandHeteroGenesPruned"
"Whelan2015","Crella_elegans","Porifera","Dataset10_CertainPruned_LBAtaxa_LBAandHeteroGenesPruned"
"Whelan2015","Ephydatia_muelleri","Porifera","Dataset10_CertainPruned_LBAtaxa_LBAandHeteroGenesPruned"
"Whelan2015","Hyalonema_populiferum","Porifera","Dataset10_CertainPruned_LBAtaxa_LBAandHeteroGenesPruned"
"Whelan2015","Ircinia_fasciculata","Porifera","Dataset10_CertainPruned_LBAtaxa_LBAandHeteroGenesPruned"
"Whelan2015","Kirkpatrickia_variolosa","Porifera","Dataset10_CertainPruned_LBAtaxa_LBAandHeteroGenesPruned"
"Whelan2015","Latrunculia_apicalis","Porifera","Dataset10_CertainPruned_LBAtaxa_LBAandHeteroGenesPruned"
"Whelan2015","Oscarella_carmela","Porifera","Dataset10_CertainPruned_LBAtaxa_LBAandHeteroGenesPruned"
"Whelan2015","Petrosia_ficiformis","Porifera","Dataset10_CertainPruned_LBAtaxa_LBAandHeteroGenesPruned"
"Whelan2015","Pseudospongosorites_suberitoides","Porifera","Dataset10_CertainPruned_LBAtaxa_LBAandHeteroGenesPruned"
"Whelan2015","Rossella_fibulata","Porifera","Dataset10_CertainPruned_LBAtaxa_LBAandHeteroGenesPruned"
"Whelan2015","Sycon_ciliatum","Porifera","Dataset10_CertainPruned_LBAtaxa_LBAandHeteroGenesPruned"
"Whelan2015","Sycon_coactum","Porifera","Dataset10_CertainPruned_LBAtaxa_LBAandHeteroGenesPruned"
"Whelan2015","Sympagella_nux","Porifera","Dataset10_CertainPruned_LBAtaxa_LBAandHeteroGenesPruned"
"Whelan2015","Spongilla_alba","Porifera","Dataset10_CertainPruned_LBAtaxa_LBAandHeteroGenesPruned"
"Whelan2015","Tethya_wilhelma","Porifera","Dataset10_CertainPruned_LBAtaxa_LBAandHeteroGenesPruned"
"Whelan2015","Beroe_abyssicola","Ctenophora","Dataset10_CertainPruned_LBAtaxa_LBAandHeteroGenesPruned"
"Whelan2015","Bolinopsis_infundibulum","Ctenophora","Dataset10_CertainPruned_LBAtaxa_LBAandHeteroGenesPruned"
"Whelan2015","Coeloplana_astericola","Ctenophora","Dataset10_CertainPruned_LBAtaxa_LBAandHeteroGenesPruned"
"Whelan2015","Dryodora_glandiformis","Ctenophora","Dataset10_CertainPruned_LBAtaxa_LBAandHeteroGenesPruned"
"Whelan2015","Euplokamis_dunlapae","Ctenophora","Dataset10_CertainPruned_LBAtaxa_LBAandHeteroGenesPruned"
"Whelan2015","Mnemiopsis_leidyi","Ctenophora","Dataset10_CertainPruned_LBAtaxa_LBAandHeteroGenesPruned"
"Whelan2015","Pleurobrachia_bachei","Ctenophora","Dataset10_CertainPruned_LBAtaxa_LBAandHeteroGenesPruned"
"Whelan2015","Vallicula_sp","Ctenophora","Dataset10_CertainPruned_LBAtaxa_LBAandHeteroGenesPruned"
"Whelan2015","Mertensiidae_sp","Ctenophora","Dataset10_CertainPruned_LBAtaxa_LBAandHeteroGenesPruned"
"Whelan2015","Pleurobrachia_atlantica","Ctenophora","Dataset10_CertainPruned_LBAtaxa_LBAandHeteroGenesPruned"
"Whelan2015","Amoebidium_parasiticum","Outgroup","Dataset10_CertainPruned_LBAtaxa_LBAandHeteroGenesPruned"
"Whelan2015","Capsaspora_owczarzaki","Outgroup","Dataset10_CertainPruned_LBAtaxa_LBAandHeteroGenesPruned"
"Whelan2015","Monosiga_ovata","Outgroup","Dataset10_CertainPruned_LBAtaxa_LBAandHeteroGenesPruned"
"Whelan2015","Salpingoeca_rosetta","Outgroup","Dataset10_CertainPruned_LBAtaxa_LBAandHeteroGenesPruned"
"Whelan2015","Sphaeroforma_arctica","Outgroup","Dataset10_CertainPruned_LBAtaxa_LBAandHeteroGenesPruned"
"Whelan2015","Spizellomyces_punctatus","Outgroup","Dataset10_CertainPruned_LBAtaxa_LBAandHeteroGenesPruned"
"Whelan2015","Allomyces_macrogynus","Outgroup","Dataset10_CertainPruned_LBAtaxa_LBAandHeteroGenesPruned"
"Whelan2015","Ministeria_vibrans","Outgroup","Dataset10_CertainPruned_LBAtaxa_LBAandHeteroGenesPruned"
"Whelan2015","Mortierella_verticillata","Outgroup","Dataset10_CertainPruned_LBAtaxa_LBAandHeteroGenesPruned"
"Whelan2015","Rhizopus_oryzae","Outgroup","Dataset10_CertainPruned_LBAtaxa_LBAandHeteroGenesPruned"
"Whelan2017","Homo_sapiens","Bilateria","Metazoa_Choano_RCFV_strict"
"Whelan2017","Strongylocentrotus_purpatus","Bilateria","Metazoa_Choano_RCFV_strict"
"Whelan2017","Hemithris_psittacea","Bilateria","Metazoa_Choano_RCFV_strict"
"Whelan2017","Capitella_teleta","Bilateria","Metazoa_Choano_RCFV_strict"
"Whelan2017","Drosophila_melanogaster","Bilateria","Metazoa_Choano_RCFV_strict"
"Whelan2017","Daphnia_pulex","Bilateria","Metazoa_Choano_RCFV_strict"
"Whelan2017","Hydra_vulgaris","Cnidaria","Metazoa_Choano_RCFV_strict"
"Whelan2017","Bolocera_tuediae","Cnidaria","Metazoa_Choano_RCFV_strict"
"Whelan2017","Aiptasia_pallida","Cnidaria","Metazoa_Choano_RCFV_strict"
"Whelan2017","Hormathia_digitata","Cnidaria","Metazoa_Choano_RCFV_strict"
"Whelan2017","Nematostella_vectensis","Cnidaria","Metazoa_Choano_RCFV_strict"
"Whelan2017","Acropora_digitifera","Cnidaria","Metazoa_Choano_RCFV_strict"
"Whelan2017","Eunicella_verrucosa","Cnidaria","Metazoa_Choano_RCFV_strict"
"Whelan2017","Hydra_viridissima","Cnidaria","Metazoa_Choano_RCFV_strict"
"Whelan2017","Hydra_oligactis","Cnidaria","Metazoa_Choano_RCFV_strict"
"Whelan2017","Physalia_physalia","Cnidaria","Metazoa_Choano_RCFV_strict"
"Whelan2017","Abylopsis_tetragona","Cnidaria","Metazoa_Choano_RCFV_strict"
"Whelan2017","Craseo_lathetica","Cnidaria","Metazoa_Choano_RCFV_strict"
"Whelan2017","Nanomia_bijuga","Cnidaria","Metazoa_Choano_RCFV_strict"
"Whelan2017","Agalma_elegans","Cnidaria","Metazoa_Choano_RCFV_strict"
"Whelan2017","Periphyla_periphyla","Cnidaria","Metazoa_Choano_RCFV_strict"
"Whelan2017","Trichoplax_adhaerens","Placozoa","Metazoa_Choano_RCFV_strict"
"Whelan2017","Cliona_varians","Porifera","Metazoa_Choano_RCFV_strict"
"Whelan2017","Sycon_coactum","Porifera","Metazoa_Choano_RCFV_strict"
"Whelan2017","Sycon_ciliatum","Porifera","Metazoa_Choano_RCFV_strict"
"Whelan2017","Corticium_candelabrum","Porifera","Metazoa_Choano_RCFV_strict"
"Whelan2017","Oscarella_carmela","Porifera","Metazoa_Choano_RCFV_strict"
"Whelan2017","Hyalonema_populiferum","Porifera","Metazoa_Choano_RCFV_strict"
"Whelan2017","Aphrocallistes_vastus","Porifera","Metazoa_Choano_RCFV_strict"
"Whelan2017","Rossella_fibulata","Porifera","Metazoa_Choano_RCFV_strict"
"Whelan2017","Sympagella_nux","Porifera","Metazoa_Choano_RCFV_strict"
"Whelan2017","Ircinia_fasciculata","Porifera","Metazoa_Choano_RCFV_strict"
"Whelan2017","Chondrilla_nucula","Porifera","Metazoa_Choano_RCFV_strict"
"Whelan2017","Amphimedon_queenslandica","Porifera","Metazoa_Choano_RCFV_strict"
"Whelan2017","Petrosia_ficiformis","Porifera","Metazoa_Choano_RCFV_strict"
"Whelan2017","Spongilla_lacustris","Porifera","Metazoa_Choano_RCFV_strict"
"Whelan2017","Pseudospongosorites_suberitoides","Porifera","Metazoa_Choano_RCFV_strict"
"Whelan2017","Mycale_phylophylla","Porifera","Metazoa_Choano_RCFV_strict"
"Whelan2017","Latrunculia_apicalis","Porifera","Metazoa_Choano_RCFV_strict"
"Whelan2017","Crella_elegans","Porifera","Metazoa_Choano_RCFV_strict"
"Whelan2017","Kirkpatrickia_variolosa","Porifera","Metazoa_Choano_RCFV_strict"
"Whelan2017","Euplokamis_dunlapae","Ctenophora","Metazoa_Choano_RCFV_strict"
"Whelan2017","Vallicula_sp","Ctenophora","Metazoa_Choano_RCFV_strict"
"Whelan2017","Coeloplana_astericola","Ctenophora","Metazoa_Choano_RCFV_strict"
"Whelan2017","Hormiphora_californica","Ctenophora","Metazoa_Choano_RCFV_strict"
"Whelan2017","Hormiphora_palmata","Ctenophora","Metazoa_Choano_RCFV_strict"
"Whelan2017","Pleurobrachia_pileus","Ctenophora","Metazoa_Choano_RCFV_strict"
"Whelan2017","Pleurobrachia_bachei","Ctenophora","Metazoa_Choano_RCFV_strict"
"Whelan2017","Pleurobrachia_sp_South_Carolina_USA","Ctenophora","Metazoa_Choano_RCFV_strict"
"Whelan2017","Cydippida_sp_Maryland_USA","Ctenophora","Metazoa_Choano_RCFV_strict"
"Whelan2017","Callianira_Antarctica","Ctenophora","Metazoa_Choano_RCFV_strict"
"Whelan2017","Mertensiidae_sp_Antarctica","Ctenophora","Metazoa_Choano_RCFV_strict"
"Whelan2017","Mertensiidae_sp_Washington_USA","Ctenophora","Metazoa_Choano_RCFV_strict"
"Whelan2017","Cydippida_sp","Ctenophora","Metazoa_Choano_RCFV_strict"
"Whelan2017","Dryodora_glandiformis","Ctenophora","Metazoa_Choano_RCFV_strict"
"Whelan2017","Lobatolampea_tetragona","Ctenophora","Metazoa_Choano_RCFV_strict"
"Whelan2017","Beroe_abyssicola","Ctenophora","Metazoa_Choano_RCFV_strict"
"Whelan2017","Beroe_sp_Antarctica","Ctenophora","Metazoa_Choano_RCFV_strict"
"Whelan2017","Beroe_ovata","Ctenophora","Metazoa_Choano_RCFV_strict"
"Whelan2017","Beroe_sp_Queensland_Australia","Ctenophora","Metazoa_Choano_RCFV_strict"
"Whelan2017","Beroe_forskalii","Ctenophora","Metazoa_Choano_RCFV_strict"
"Whelan2017","Ocyropsis_sp_Bimini_Bahamas","Ctenophora","Metazoa_Choano_RCFV_strict"
"Whelan2017","Ocyropsis_crystallina","Ctenophora","Metazoa_Choano_RCFV_strict"
"Whelan2017","Ocyropsis_sp_Florida_USA","Ctenophora","Metazoa_Choano_RCFV_strict"
"Whelan2017","Bolinopsis_infundibulum","Ctenophora","Metazoa_Choano_RCFV_strict"
"Whelan2017","Mnemiopsis_leidyi","Ctenophora","Metazoa_Choano_RCFV_strict"
"Whelan2017","Bolinopsis_ashleyi","Ctenophora","Metazoa_Choano_RCFV_strict"
"Whelan2017","Lobata_sp_Punta_Arenas_Argentina","Ctenophora","Metazoa_Choano_RCFV_strict"
"Whelan2017","Eurhamphaea_vexilligera","Ctenophora","Metazoa_Choano_RCFV_strict"
"Whelan2017","Cestum_veneris","Ctenophora","Metazoa_Choano_RCFV_strict"
"Whelan2017","Ctenophora_sp_Florida_USA","Ctenophora","Metazoa_Choano_RCFV_strict"
"Whelan2017","Salpingoeca_pyxidium","Outgroup","Metazoa_Choano_RCFV_strict"
"Whelan2017","Monosiga_ovata","Outgroup","Metazoa_Choano_RCFV_strict"
"Whelan2017","Acanthoeca_sp","Outgroup","Metazoa_Choano_RCFV_strict"
"Whelan2017","Salpingoeca_rosetta","Outgroup","Metazoa_Choano_RCFV_strict"
"Whelan2017","Monosiga_brevicolis","Outgroup","Metazoa_Choano_RCFV_strict"
