"id","dataset","matrix_name","dataset_id","model","tree_topology","Plac_present","gcf_branch_files","gcf_stat_files","MET_ID","MET_gCF","MET_gCF_N","MET_gDF1","MET_gDF1_N","MET_gDF2","MET_gDF2_N","MET_gDFP","MET_gDFP_N","MET_gN","MET_Length","KEY_ID","KEY_gCF","KEY_gCF_N","KEY_gDF1","KEY_gDF1_N","KEY_gDF2","KEY_gDF2_N","KEY_gDFP","KEY_gDFP_N","KEY_gN","KEY_Length","CTEN_ID","CTEN_gCF","CTEN_gCF_N","CTEN_gDF1","CTEN_gDF1_N","CTEN_gDF2","CTEN_gDF2_N","CTEN_gDFP","CTEN_gDFP_N","CTEN_gN","CTEN_Length","CTEN_monophyly","PORI_ID","PORI_gCF","PORI_gCF_N","PORI_gDF1","PORI_gDF1_N","PORI_gDF2","PORI_gDF2_N","PORI_gDFP","PORI_gDFP_N","PORI_gN","PORI_Length","PORI_monophyly"
"Borowiec2015.Best108.C60.CTEN_PORI","Borowiec2015","Best108","Borowiec2015.Best108","C60","CTEN_PORI","Plac","/Users/caitlincherryh/Documents/C4_Ancient_ILS/06_cf_analyses/gcf_c60/Borowiec2015.Best108.C60.CTEN_PORI.gcf.cf.branch","/Users/caitlincherryh/Documents/C4_Ancient_ILS/06_cf_analyses/gcf_c60/Borowiec2015.Best108.C60.CTEN_PORI.gcf.cf.stat","58","95.88","93","0","0","0","0","4.12","4","97","0.673897","59","11.96","11","11.96","11","16.3","15","59.78","55","92","0.030111","NA","NA","NA","NA","NA","NA","NA","NA","NA","NA","NA","Single_tip","NA","NA","NA","NA","NA","NA","NA","NA","NA","NA","NA","Single_tip"
"Borowiec2015.Best108.C60.CTEN","Borowiec2015","Best108","Borowiec2015.Best108","C60","CTEN","Plac","/Users/caitlincherryh/Documents/C4_Ancient_ILS/06_cf_analyses/gcf_c60/Borowiec2015.Best108.C60.CTEN.gcf.cf.branch","/Users/caitlincherryh/Documents/C4_Ancient_ILS/06_cf_analyses/gcf_c60/Borowiec2015.Best108.C60.CTEN.gcf.cf.stat","59","95.65","88","0","0","0","0","4.35","4","92","0.638139","58","16.3","15","11.96","11","11.96","11","59.78","55","92","0.0411379","NA","NA","NA","NA","NA","NA","NA","NA","NA","NA","NA","Single_tip","NA","NA","NA","NA","NA","NA","NA","NA","NA","NA","NA","Single_tip"
"Borowiec2015.Best108.C60.PORI","Borowiec2015","Best108","Borowiec2015.Best108","C60","PORI","Plac","/Users/caitlincherryh/Documents/C4_Ancient_ILS/06_cf_analyses/gcf_c60/Borowiec2015.Best108.C60.PORI.gcf.cf.branch","/Users/caitlincherryh/Documents/C4_Ancient_ILS/06_cf_analyses/gcf_c60/Borowiec2015.Best108.C60.PORI.gcf.cf.stat","59","95.65","88","0","0","1.09","1","3.26","3","92","0.659113","58","11.96","11","16.3","15","11.96","11","59.78","55","92","0.0144626","NA","NA","NA","NA","NA","NA","NA","NA","NA","NA","NA","Single_tip","NA","NA","NA","NA","NA","NA","NA","NA","NA","NA","NA","Single_tip"
"Chang2015.Chang_AA.C60.CTEN_PORI","Chang2015","Chang_AA","Chang2015.Chang_AA","C60","CTEN_PORI","Plac","/Users/caitlincherryh/Documents/C4_Ancient_ILS/06_cf_analyses/gcf_c60/Chang2015.Chang_AA.C60.CTEN_PORI.gcf.cf.branch","/Users/caitlincherryh/Documents/C4_Ancient_ILS/06_cf_analyses/gcf_c60/Chang2015.Chang_AA.C60.CTEN_PORI.gcf.cf.stat","81","39.5","79","0","0","0","0","60.5","121","200","0.104785","131","1.5","3","8","16","2","4","88.5","177","200","0.00361682","144","97.34","183","0","0","0","0","2.66","5","188","0.378505","Monophyletic","132","5","10","2","4","4","8","89","178","200","0.0115966","Monophyletic"
"Chang2015.Chang_AA.C60.CTEN","Chang2015","Chang_AA","Chang2015.Chang_AA","C60","CTEN","Plac","/Users/caitlincherryh/Documents/C4_Ancient_ILS/06_cf_analyses/gcf_c60/Chang2015.Chang_AA.C60.CTEN.gcf.cf.branch","/Users/caitlincherryh/Documents/C4_Ancient_ILS/06_cf_analyses/gcf_c60/Chang2015.Chang_AA.C60.CTEN.gcf.cf.stat","81","39.5","79","2.5","5","1","2","57","114","200","0.0881938","82","8","16","2","4","1.5","3","88.5","177","200","0.0202637","144","97.34","183","0","0","0","0","2.66","5","188","0.359971","Monophyletic","132","5","10","1","2","1","2","93","186","200","0.0134746","Monophyletic"
"Chang2015.Chang_AA.C60.PORI","Chang2015","Chang_AA","Chang2015.Chang_AA","C60","PORI","Plac","/Users/caitlincherryh/Documents/C4_Ancient_ILS/06_cf_analyses/gcf_c60/Chang2015.Chang_AA.C60.PORI.gcf.cf.branch","/Users/caitlincherryh/Documents/C4_Ancient_ILS/06_cf_analyses/gcf_c60/Chang2015.Chang_AA.C60.PORI.gcf.cf.stat","81","39.5","79","0","0","0","0","60.5","121","200","0.104203","82","2","4","8","16","1.5","3","88.5","177","200","0.00351724","132","97.34","183","0","0","0","0","2.66","5","188","0.379046","Monophyletic","136","5","10","1","2","2","4","92","184","200","0.0125674","Monophyletic"
"Dunn2008.Dunn2008_FixedNames.C60.CTEN_PORI","Dunn2008","Dunn2008_FixedNames","Dunn2008.Dunn2008_FixedNames","C60","CTEN_PORI","Plac","/Users/caitlincherryh/Documents/C4_Ancient_ILS/06_cf_analyses/gcf_c60/Dunn2008.Dunn2008_FixedNames.C60.CTEN_PORI.gcf.cf.branch","/Users/caitlincherryh/Documents/C4_Ancient_ILS/06_cf_analyses/gcf_c60/Dunn2008.Dunn2008_FixedNames.C60.CTEN_PORI.gcf.cf.stat","80","15.79","12","0","0","1.32","1","82.89","63","76","0.129877","85","7.41","2","0","0","0","0","92.59","25","27","0.00258849","86","100","15","0","0","0","0","0","0","15","0.918583","Monophyletic","NA","NA","NA","NA","NA","NA","NA","NA","NA","NA","NA","Single_tip"
"Dunn2008.Dunn2008_FixedNames.C60.CTEN","Dunn2008","Dunn2008_FixedNames","Dunn2008.Dunn2008_FixedNames","C60","CTEN","Plac","/Users/caitlincherryh/Documents/C4_Ancient_ILS/06_cf_analyses/gcf_c60/Dunn2008.Dunn2008_FixedNames.C60.CTEN.gcf.cf.branch","/Users/caitlincherryh/Documents/C4_Ancient_ILS/06_cf_analyses/gcf_c60/Dunn2008.Dunn2008_FixedNames.C60.CTEN.gcf.cf.stat","81","15.49","11","0","0","4.23","3","80.28","57","71","0.113844","80","0","0","0","0","7.41","2","92.59","25","27","0.0452467","86","98.11","52","0","0","0","0","1.89","1","53","0.904236","Monophyletic","NA","NA","NA","NA","NA","NA","NA","NA","NA","NA","NA","Single_tip"
"Dunn2008.Dunn2008_FixedNames.C60.PORI","Dunn2008","Dunn2008_FixedNames","Dunn2008.Dunn2008_FixedNames","C60","PORI","Plac","/Users/caitlincherryh/Documents/C4_Ancient_ILS/06_cf_analyses/gcf_c60/Dunn2008.Dunn2008_FixedNames.C60.PORI.gcf.cf.branch","/Users/caitlincherryh/Documents/C4_Ancient_ILS/06_cf_analyses/gcf_c60/Dunn2008.Dunn2008_FixedNames.C60.PORI.gcf.cf.stat","81","25","7","0","0","0","0","75","21","28","0.129638","80","0","0","0","0","7.41","2","92.59","25","27","2.4261e-06","86","98.11","52","0","0","0","0","1.89","1","53","0.919707","Monophyletic","NA","NA","NA","NA","NA","NA","NA","NA","NA","NA","NA","Single_tip"
"Laumer2018.Tplx_BUSCOeuk.C60.CTEN_PORI","Laumer2018","Tplx_BUSCOeuk","Laumer2018.Tplx_BUSCOeuk","C60","CTEN_PORI","Plac","/Users/caitlincherryh/Documents/C4_Ancient_ILS/06_cf_analyses/gcf_c60/Laumer2018.Tplx_BUSCOeuk.C60.CTEN_PORI.gcf.cf.branch","/Users/caitlincherryh/Documents/C4_Ancient_ILS/06_cf_analyses/gcf_c60/Laumer2018.Tplx_BUSCOeuk.C60.CTEN_PORI.gcf.cf.stat","110","49.57","114","0","0","0","0","50.43","116","230","0.352501","90","1.33","4","5.65","17","1","3","92.03","277","301","0.0106903","91","68.32","110","0","0","0","0","31.68","51","161","0.726427","Monophyletic","96","3.68","11","2.34","7","2.68","8","91.3","273","299","0.0187175","Monophyletic"
"Laumer2018.Tplx_BUSCOeuk.C60.CTEN","Laumer2018","Tplx_BUSCOeuk","Laumer2018.Tplx_BUSCOeuk","C60","CTEN","Plac","/Users/caitlincherryh/Documents/C4_Ancient_ILS/06_cf_analyses/gcf_c60/Laumer2018.Tplx_BUSCOeuk.C60.CTEN.gcf.cf.branch","/Users/caitlincherryh/Documents/C4_Ancient_ILS/06_cf_analyses/gcf_c60/Laumer2018.Tplx_BUSCOeuk.C60.CTEN.gcf.cf.stat","96","49.34","113","0.87","2","0.87","2","48.91","112","229","0.311466","90","5.65","17","1.33","4","1","3","92.03","277","301","0.047366","91","68.75","110","0","0","0","0","31.25","50","160","0.685951","Monophyletic","102","3.68","11","0.67","2","0.33","1","95.32","285","299","0.0247387","Monophyletic"
"Laumer2018.Tplx_BUSCOeuk.C60.PORI","Laumer2018","Tplx_BUSCOeuk","Laumer2018.Tplx_BUSCOeuk","C60","PORI","Plac","/Users/caitlincherryh/Documents/C4_Ancient_ILS/06_cf_analyses/gcf_c60/Laumer2018.Tplx_BUSCOeuk.C60.PORI.gcf.cf.branch","/Users/caitlincherryh/Documents/C4_Ancient_ILS/06_cf_analyses/gcf_c60/Laumer2018.Tplx_BUSCOeuk.C60.PORI.gcf.cf.stat","93","49.57","114","0","0","0","0","50.43","116","230","0.34983","92","1","3","5.65","17","1.33","4","92.03","277","301","0.00677957","87","68.32","110","0","0","0","0","31.68","51","161","0.729482","Monophyletic","99","3.69","11","0.67","2","1.34","4","94.3","281","298","0.0215283","Monophyletic"
"Moroz2014.ED3d.C60.CTEN_PORI","Moroz2014","ED3d","Moroz2014.ED3d","C60","CTEN_PORI","Plac","/Users/caitlincherryh/Documents/C4_Ancient_ILS/06_cf_analyses/gcf_c60/Moroz2014.ED3d.C60.CTEN_PORI.gcf.cf.branch","/Users/caitlincherryh/Documents/C4_Ancient_ILS/06_cf_analyses/gcf_c60/Moroz2014.ED3d.C60.CTEN_PORI.gcf.cf.stat","72","60.61","20","3.03","1","9.09","3","27.27","9","33","0.292862","53","9.76","4","17.07","7","17.07","7","56.1","23","41","0.0249576","54","100","25","0","0","0","0","0","0","25","0.599139","Monophyletic","64","18.18","2","9.09","1","9.09","1","63.64","7","11","0.0411938","Monophyletic"
"Moroz2014.ED3d.C60.CTEN","Moroz2014","ED3d","Moroz2014.ED3d","C60","CTEN","Plac","/Users/caitlincherryh/Documents/C4_Ancient_ILS/06_cf_analyses/gcf_c60/Moroz2014.ED3d.C60.CTEN.gcf.cf.branch","/Users/caitlincherryh/Documents/C4_Ancient_ILS/06_cf_analyses/gcf_c60/Moroz2014.ED3d.C60.CTEN.gcf.cf.stat","64","57.14","16","7.14","2","7.14","2","28.57","8","28","0.279327","53","17.07","7","9.76","4","17.07","7","56.1","23","41","0.0248353","54","93.48","43","0","0","0","0","6.52","3","46","0.60449","Monophyletic","66","15.38","2","15.38","2","7.69","1","61.54","8","13","0.0541257","Monophyletic"
"Moroz2014.ED3d.C60.PORI","Moroz2014","ED3d","Moroz2014.ED3d","C60","PORI","Plac","/Users/caitlincherryh/Documents/C4_Ancient_ILS/06_cf_analyses/gcf_c60/Moroz2014.ED3d.C60.PORI.gcf.cf.branch","/Users/caitlincherryh/Documents/C4_Ancient_ILS/06_cf_analyses/gcf_c60/Moroz2014.ED3d.C60.PORI.gcf.cf.stat","72","70.59","12","0","0","11.76","2","17.65","3","17","0.273875","63","17.07","7","9.76","4","17.07","7","56.1","23","41","0.0248032","53","93.62","44","0","0","0","0","6.38","3","47","0.620564","Monophyletic","64","15.38","2","0","0","15.38","2","69.23","9","13","0.0388114","Monophyletic"
"Nosenko2013.nonribosomal_9187_smatrix.C60.CTEN_PORI","Nosenko2013","nonribosomal_9187_smatrix","Nosenko2013.nonribosomal_9187_smatrix","C60","CTEN_PORI","Plac","/Users/caitlincherryh/Documents/C4_Ancient_ILS/06_cf_analyses/gcf_c60/Nosenko2013.nonribosomal_9187_smatrix.C60.CTEN_PORI.gcf.cf.branch","/Users/caitlincherryh/Documents/C4_Ancient_ILS/06_cf_analyses/gcf_c60/Nosenko2013.nonribosomal_9187_smatrix.C60.CTEN_PORI.gcf.cf.stat","78","17.14","6","0","0","0","0","82.86","29","35","0.0602363","87","0","0","0","0","2.86","1","97.14","34","35","0.00238604","108","61.54","16","0","0","0","0","38.46","10","26","0.25977","Monophyletic","88","0","0","0","0","3.03","1","96.97","32","33","0.00991252","Monophyletic"
"Nosenko2013.nonribosomal_9187_smatrix.C60.CTEN","Nosenko2013","nonribosomal_9187_smatrix","Nosenko2013.nonribosomal_9187_smatrix","C60","CTEN","Plac","/Users/caitlincherryh/Documents/C4_Ancient_ILS/06_cf_analyses/gcf_c60/Nosenko2013.nonribosomal_9187_smatrix.C60.CTEN.gcf.cf.branch","/Users/caitlincherryh/Documents/C4_Ancient_ILS/06_cf_analyses/gcf_c60/Nosenko2013.nonribosomal_9187_smatrix.C60.CTEN.gcf.cf.stat","79","17.14","6","2.86","1","2.86","1","77.14","27","35","0.0413709","78","2.86","1","0","0","0","0","97.14","34","35","0.0238838","88","61.54","16","0","0","0","0","38.46","10","26","0.241503","Monophyletic","91","0","0","0","0","3.03","1","96.97","32","33","0.0109183","Monophyletic"
"Nosenko2013.nonribosomal_9187_smatrix.C60.PORI","Nosenko2013","nonribosomal_9187_smatrix","Nosenko2013.nonribosomal_9187_smatrix","C60","PORI","Plac","/Users/caitlincherryh/Documents/C4_Ancient_ILS/06_cf_analyses/gcf_c60/Nosenko2013.nonribosomal_9187_smatrix.C60.PORI.gcf.cf.branch","/Users/caitlincherryh/Documents/C4_Ancient_ILS/06_cf_analyses/gcf_c60/Nosenko2013.nonribosomal_9187_smatrix.C60.PORI.gcf.cf.stat","79","17.14","6","0","0","0","0","82.86","29","35","0.0592624","78","0","0","2.86","1","0","0","97.14","34","35","0.00399329","108","61.54","16","0","0","0","0","38.46","10","26","0.260937","Monophyletic","88","0","0","0","0","0","0","100","33","33","0.0102384","Monophyletic"
"Nosenko2013.ribosomal_14615_smatrix.C60.CTEN_PORI","Nosenko2013","ribosomal_14615_smatrix","Nosenko2013.ribosomal_14615_smatrix","C60","CTEN_PORI","Plac","/Users/caitlincherryh/Documents/C4_Ancient_ILS/06_cf_analyses/gcf_c60/Nosenko2013.ribosomal_14615_smatrix.C60.CTEN_PORI.gcf.cf.branch","/Users/caitlincherryh/Documents/C4_Ancient_ILS/06_cf_analyses/gcf_c60/Nosenko2013.ribosomal_14615_smatrix.C60.CTEN_PORI.gcf.cf.stat","78","18.39","16","0","0","0","0","81.61","71","87","0.0676994","87","0","0","0","0","4.65","4","95.35","82","86","0.00491599","110","95.59","65","0","0","0","0","4.41","3","68","0.407511","Monophyletic","NA","NA","NA","NA","NA","NA","NA","NA","NA","NA","NA","Paraphyletic"
"Nosenko2013.ribosomal_14615_smatrix.C60.CTEN","Nosenko2013","ribosomal_14615_smatrix","Nosenko2013.ribosomal_14615_smatrix","C60","CTEN","Plac","/Users/caitlincherryh/Documents/C4_Ancient_ILS/06_cf_analyses/gcf_c60/Nosenko2013.ribosomal_14615_smatrix.C60.CTEN.gcf.cf.branch","/Users/caitlincherryh/Documents/C4_Ancient_ILS/06_cf_analyses/gcf_c60/Nosenko2013.ribosomal_14615_smatrix.C60.CTEN.gcf.cf.stat","79","17.44","15","2.33","2","1.16","1","79.07","68","86","0.0539805","78","4.65","4","0","0","0","0","95.35","82","86","0.0164985","88","95.59","65","0","0","0","0","4.41","3","68","0.395539","Monophyletic","NA","NA","NA","NA","NA","NA","NA","NA","NA","NA","NA","Paraphyletic"
"Nosenko2013.ribosomal_14615_smatrix.C60.PORI","Nosenko2013","ribosomal_14615_smatrix","Nosenko2013.ribosomal_14615_smatrix","C60","PORI","Plac","/Users/caitlincherryh/Documents/C4_Ancient_ILS/06_cf_analyses/gcf_c60/Nosenko2013.ribosomal_14615_smatrix.C60.PORI.gcf.cf.branch","/Users/caitlincherryh/Documents/C4_Ancient_ILS/06_cf_analyses/gcf_c60/Nosenko2013.ribosomal_14615_smatrix.C60.PORI.gcf.cf.stat","79","18.39","16","0","0","0","0","81.61","71","87","0.067279","78","0","0","4.65","4","0","0","95.35","82","86","0.00550768","110","95.59","65","0","0","0","0","4.41","3","68","0.409244","Monophyletic","NA","NA","NA","NA","NA","NA","NA","NA","NA","NA","NA","Paraphyletic"
"Philippe2009.Philippe_etal_superalignment_FixedNames.C60.CTEN_PORI","Philippe2009","Philippe_etal_superalignment_FixedNames","Philippe2009.Philippe_etal_superalignment_FixedNames","C60","CTEN_PORI","Plac","/Users/caitlincherryh/Documents/C4_Ancient_ILS/06_cf_analyses/gcf_c60/Philippe2009.Philippe_etal_superalignment_FixedNames.C60.CTEN_PORI.gcf.cf.branch","/Users/caitlincherryh/Documents/C4_Ancient_ILS/06_cf_analyses/gcf_c60/Philippe2009.Philippe_etal_superalignment_FixedNames.C60.CTEN_PORI.gcf.cf.stat","61","25","32","0","0","0","0","75","96","128","0.0695976","71","2.36","3","0.79","1","1.57","2","95.28","121","127","0.00338297","80","94.59","105","0","0","0","0","5.41","6","111","0.393487","Monophyletic","72","1.61","2","0","0","3.23","4","95.16","118","124","0.0132154","Monophyletic"
"Philippe2009.Philippe_etal_superalignment_FixedNames.C60.CTEN","Philippe2009","Philippe_etal_superalignment_FixedNames","Philippe2009.Philippe_etal_superalignment_FixedNames","C60","CTEN","Plac","/Users/caitlincherryh/Documents/C4_Ancient_ILS/06_cf_analyses/gcf_c60/Philippe2009.Philippe_etal_superalignment_FixedNames.C60.CTEN.gcf.cf.branch","/Users/caitlincherryh/Documents/C4_Ancient_ILS/06_cf_analyses/gcf_c60/Philippe2009.Philippe_etal_superalignment_FixedNames.C60.CTEN.gcf.cf.stat","62","24.41","31","1.57","2","1.57","2","72.44","92","127","0.059046","61","1.57","2","0.79","1","2.36","3","95.28","121","127","0.0132842","72","94.59","105","0","0","0","0","5.41","6","111","0.384014","Monophyletic","74","1.6","2","0","0","0","0","98.4","123","125","0.0156103","Monophyletic"
"Philippe2009.Philippe_etal_superalignment_FixedNames.C60.PORI","Philippe2009","Philippe_etal_superalignment_FixedNames","Philippe2009.Philippe_etal_superalignment_FixedNames","C60","PORI","Plac","/Users/caitlincherryh/Documents/C4_Ancient_ILS/06_cf_analyses/gcf_c60/Philippe2009.Philippe_etal_superalignment_FixedNames.C60.PORI.gcf.cf.branch","/Users/caitlincherryh/Documents/C4_Ancient_ILS/06_cf_analyses/gcf_c60/Philippe2009.Philippe_etal_superalignment_FixedNames.C60.PORI.gcf.cf.stat","62","25","32","0","0","0","0","75","96","128","0.0681873","61","0.79","1","1.57","2","2.36","3","95.28","121","127","0.00553826","80","94.59","105","0","0","0","0","5.41","6","111","0.395221","Monophyletic","72","1.6","2","0.8","1","2.4","3","95.2","119","125","0.0141569","Monophyletic"
"Philippe2011.UPDUNN_MB_FixedNames.C60.CTEN_PORI","Philippe2011","UPDUNN_MB_FixedNames","Philippe2011.UPDUNN_MB_FixedNames","C60","CTEN_PORI","Plac","/Users/caitlincherryh/Documents/C4_Ancient_ILS/06_cf_analyses/gcf_c60/Philippe2011.UPDUNN_MB_FixedNames.C60.CTEN_PORI.gcf.cf.branch","/Users/caitlincherryh/Documents/C4_Ancient_ILS/06_cf_analyses/gcf_c60/Philippe2011.UPDUNN_MB_FixedNames.C60.CTEN_PORI.gcf.cf.stat","81","15.22","21","0.72","1","0","0","84.06","116","138","0.150499","148","2.56","3","0","0","5.13","6","92.31","108","117","0.020005","149","96.49","55","0","0","0","0","3.51","2","57","0.800604","Monophyletic","150","7.5","3","12.5","5","2.5","1","77.5","31","40","0.0412682","Monophyletic"
"Philippe2011.UPDUNN_MB_FixedNames.C60.CTEN","Philippe2011","UPDUNN_MB_FixedNames","Philippe2011.UPDUNN_MB_FixedNames","C60","CTEN","Plac","/Users/caitlincherryh/Documents/C4_Ancient_ILS/06_cf_analyses/gcf_c60/Philippe2011.UPDUNN_MB_FixedNames.C60.CTEN.gcf.cf.branch","/Users/caitlincherryh/Documents/C4_Ancient_ILS/06_cf_analyses/gcf_c60/Philippe2011.UPDUNN_MB_FixedNames.C60.CTEN.gcf.cf.stat","81","11.76","14","0.84","1","0","0","87.39","104","119","0.139174","82","5.13","6","0","0","2.56","3","92.31","108","117","0.0137175","150","96.49","55","0","0","0","0","3.51","2","57","0.806447","Monophyletic","149","12.96","7","1.85","1","0","0","85.19","46","54","0.0576041","Monophyletic"
"Philippe2011.UPDUNN_MB_FixedNames.C60.PORI","Philippe2011","UPDUNN_MB_FixedNames","Philippe2011.UPDUNN_MB_FixedNames","C60","PORI","Plac","/Users/caitlincherryh/Documents/C4_Ancient_ILS/06_cf_analyses/gcf_c60/Philippe2011.UPDUNN_MB_FixedNames.C60.PORI.gcf.cf.branch","/Users/caitlincherryh/Documents/C4_Ancient_ILS/06_cf_analyses/gcf_c60/Philippe2011.UPDUNN_MB_FixedNames.C60.PORI.gcf.cf.stat","81","15.56","21","0.74","1","1.48","2","82.22","111","135","0.145","82","0","0","5.13","6","2.56","3","92.31","108","117","0.0134649","149","96.55","56","0","0","0","0","3.45","2","58","0.819464","Monophyletic","150","12.96","7","1.85","1","0","0","85.19","46","54","0.053039","Monophyletic"
"Ryan2013.REA_EST_includingXenoturbella.C60.CTEN_PORI","Ryan2013","REA_EST_includingXenoturbella","Ryan2013.REA_EST_includingXenoturbella","C60","CTEN_PORI","Plac","/Users/caitlincherryh/Documents/C4_Ancient_ILS/06_cf_analyses/gcf_c60/Ryan2013.REA_EST_includingXenoturbella.C60.CTEN_PORI.gcf.cf.branch","/Users/caitlincherryh/Documents/C4_Ancient_ILS/06_cf_analyses/gcf_c60/Ryan2013.REA_EST_includingXenoturbella.C60.CTEN_PORI.gcf.cf.stat","110","69.78","157","0","0","0.44","1","29.78","67","225","0.411789","65","3.99","14","5.98","21","9.12","32","80.91","284","351","0.0106802","112","98.2","109","0","0","0","0","1.8","2","111","0.793391","Monophyletic","64","7.19","10","5.76","8","4.32","6","82.73","115","139","0.0253212","Monophyletic"
"Ryan2013.REA_EST_includingXenoturbella.C60.CTEN","Ryan2013","REA_EST_includingXenoturbella","Ryan2013.REA_EST_includingXenoturbella","C60","CTEN","Plac","/Users/caitlincherryh/Documents/C4_Ancient_ILS/06_cf_analyses/gcf_c60/Ryan2013.REA_EST_includingXenoturbella.C60.CTEN.gcf.cf.branch","/Users/caitlincherryh/Documents/C4_Ancient_ILS/06_cf_analyses/gcf_c60/Ryan2013.REA_EST_includingXenoturbella.C60.CTEN.gcf.cf.stat","110","70.28","149","1.42","3","1.42","3","26.89","57","212","0.381172","109","9.12","32","3.99","14","5.98","21","80.91","284","351","0.0346828","112","98.2","109","0","0","0","0","1.8","2","111","0.766994","Monophyletic","64","6.8","10","2.72","4","2.72","4","87.76","129","147","0.0305358","Monophyletic"
"Ryan2013.REA_EST_includingXenoturbella.C60.PORI","Ryan2013","REA_EST_includingXenoturbella","Ryan2013.REA_EST_includingXenoturbella","C60","PORI","Plac","/Users/caitlincherryh/Documents/C4_Ancient_ILS/06_cf_analyses/gcf_c60/Ryan2013.REA_EST_includingXenoturbella.C60.PORI.gcf.cf.branch","/Users/caitlincherryh/Documents/C4_Ancient_ILS/06_cf_analyses/gcf_c60/Ryan2013.REA_EST_includingXenoturbella.C60.PORI.gcf.cf.stat","112","69.68","154","0.9","2","0.9","2","28.51","63","221","0.399683","65","5.98","21","3.99","14","9.12","32","80.91","284","351","0.0174701","110","98.25","112","0","0","0","0","1.75","2","114","0.803227","Monophyletic","64","6.38","9","9.93","14","8.51","12","75.18","106","141","0.0220797","Monophyletic"
"Whelan2015.Dataset10.C60.CTEN_PORI","Whelan2015","Dataset10","Whelan2015.Dataset10","C60","CTEN_PORI","Plac","/Users/caitlincherryh/Documents/C4_Ancient_ILS/06_cf_analyses/gcf_c60/Whelan2015.Dataset10.C60.CTEN_PORI.gcf.cf.branch","/Users/caitlincherryh/Documents/C4_Ancient_ILS/06_cf_analyses/gcf_c60/Whelan2015.Dataset10.C60.CTEN_PORI.gcf.cf.stat","88","17.86","15","0","0","0","0","82.14","69","84","0.198612","97","1.12","1","1.12","1","2.25","2","95.51","85","89","0.00855533","116","80.65","50","0","0","0","0","19.35","12","62","0.813528","Monophyletic","98","1.12","1","2.25","2","1.12","1","95.51","85","89","0.0238265","Monophyletic"
"Whelan2015.Dataset10.C60.CTEN","Whelan2015","Dataset10","Whelan2015.Dataset10","C60","CTEN","Plac","/Users/caitlincherryh/Documents/C4_Ancient_ILS/06_cf_analyses/gcf_c60/Whelan2015.Dataset10.C60.CTEN.gcf.cf.branch","/Users/caitlincherryh/Documents/C4_Ancient_ILS/06_cf_analyses/gcf_c60/Whelan2015.Dataset10.C60.CTEN.gcf.cf.stat","89","17.86","15","1.19","1","1.19","1","79.76","67","84","0.160891","88","2.25","2","1.12","1","1.12","1","95.51","85","89","0.0470355","98","80.65","50","0","0","0","0","19.35","12","62","0.770975","Monophyletic","107","1.12","1","0","0","0","0","98.88","88","89","0.0282168","Monophyletic"
"Whelan2015.Dataset10.C60.PORI","Whelan2015","Dataset10","Whelan2015.Dataset10","C60","PORI","Plac","/Users/caitlincherryh/Documents/C4_Ancient_ILS/06_cf_analyses/gcf_c60/Whelan2015.Dataset10.C60.PORI.gcf.cf.branch","/Users/caitlincherryh/Documents/C4_Ancient_ILS/06_cf_analyses/gcf_c60/Whelan2015.Dataset10.C60.PORI.gcf.cf.stat","89","17.86","15","0","0","1.19","1","80.95","68","84","0.197393","88","1.12","1","2.25","2","1.12","1","95.51","85","89","0.011198","116","80.65","50","0","0","0","0","19.35","12","62","0.815209","Monophyletic","98","1.12","1","0","0","0","0","98.88","88","89","0.0257107","Monophyletic"
"Whelan2017.Metazoa_Choano_RCFV_strict.C60.CTEN_PORI","Whelan2017","Metazoa_Choano_RCFV_strict","Whelan2017.Metazoa_Choano_RCFV_strict","C60","CTEN_PORI","Plac","/Users/caitlincherryh/Documents/C4_Ancient_ILS/06_cf_analyses/gcf_c60/Whelan2017.Metazoa_Choano_RCFV_strict.C60.CTEN_PORI.gcf.cf.branch","/Users/caitlincherryh/Documents/C4_Ancient_ILS/06_cf_analyses/gcf_c60/Whelan2017.Metazoa_Choano_RCFV_strict.C60.CTEN_PORI.gcf.cf.stat","112","69.12","47","0","0","0","0","30.88","21","68","0.406125","90","2.53","2","10.13","8","7.59","6","79.75","63","79","0.00187379","89","65.52","19","0","0","0","0","34.48","10","29","0.777549","Monophyletic","116","12.66","10","2.53","2","5.06","4","79.75","63","79","0.0247976","Monophyletic"
"Whelan2017.Metazoa_Choano_RCFV_strict.C60.CTEN","Whelan2017","Metazoa_Choano_RCFV_strict","Whelan2017.Metazoa_Choano_RCFV_strict","C60","CTEN","Plac","/Users/caitlincherryh/Documents/C4_Ancient_ILS/06_cf_analyses/gcf_c60/Whelan2017.Metazoa_Choano_RCFV_strict.C60.CTEN.gcf.cf.branch","/Users/caitlincherryh/Documents/C4_Ancient_ILS/06_cf_analyses/gcf_c60/Whelan2017.Metazoa_Choano_RCFV_strict.C60.CTEN.gcf.cf.stat","130","59.09","26","0","0","2.27","1","38.64","17","44","0.357039","90","10.13","8","2.53","2","7.59","6","79.75","63","79","0.0511156","89","65.52","19","0","0","0","0","34.48","10","29","0.724138","Monophyletic","112","11.11","13","2.56","3","6.84","8","79.49","93","117","0.0258169","Monophyletic"
"Whelan2017.Metazoa_Choano_RCFV_strict.C60.PORI","Whelan2017","Metazoa_Choano_RCFV_strict","Whelan2017.Metazoa_Choano_RCFV_strict","C60","PORI","Plac","/Users/caitlincherryh/Documents/C4_Ancient_ILS/06_cf_analyses/gcf_c60/Whelan2017.Metazoa_Choano_RCFV_strict.C60.PORI.gcf.cf.branch","/Users/caitlincherryh/Documents/C4_Ancient_ILS/06_cf_analyses/gcf_c60/Whelan2017.Metazoa_Choano_RCFV_strict.C60.PORI.gcf.cf.stat","130","69.12","47","0","0","0","0","30.88","21","68","0.403998","111","7.59","6","10.13","8","2.53","2","79.75","63","79","0.0119962","89","65.52","19","0","0","0","0","34.48","10","29","0.776619","Monophyletic","112","11.11","13","8.55","10","3.42","4","76.92","90","117","0.0210992","Monophyletic"
"Borowiec2015.Best108.Partition.CTEN_PORI","Borowiec2015","Best108","Borowiec2015.Best108","Partition","CTEN_PORI","Plac","/Users/caitlincherryh/Documents/C4_Ancient_ILS/06_cf_analyses/gcf_partition/Borowiec2015.Best108.Partition.CTEN_PORI.gcf.cf.branch","/Users/caitlincherryh/Documents/C4_Ancient_ILS/06_cf_analyses/gcf_partition/Borowiec2015.Best108.Partition.CTEN_PORI.gcf.cf.stat","59","98.97","96","0","0","0","0","1.03","1","97","0.421568","60","14.13","13","10.87","10","18.48","17","56.52","52","92","0.0340318","NA","NA","NA","NA","NA","NA","NA","NA","NA","NA","NA","Single_tip","NA","NA","NA","NA","NA","NA","NA","NA","NA","NA","NA","Single_tip"
"Borowiec2015.Best108.Partition.CTEN","Borowiec2015","Best108","Borowiec2015.Best108","Partition","CTEN","Plac","/Users/caitlincherryh/Documents/C4_Ancient_ILS/06_cf_analyses/gcf_partition/Borowiec2015.Best108.Partition.CTEN.gcf.cf.branch","/Users/caitlincherryh/Documents/C4_Ancient_ILS/06_cf_analyses/gcf_partition/Borowiec2015.Best108.Partition.CTEN.gcf.cf.stat","60","98.91","91","0","0","0","0","1.09","1","92","0.384526","59","18.48","17","10.87","10","14.13","13","56.52","52","92","0.0501476","NA","NA","NA","NA","NA","NA","NA","NA","NA","NA","NA","Single_tip","NA","NA","NA","NA","NA","NA","NA","NA","NA","NA","NA","Single_tip"
"Borowiec2015.Best108.Partition.PORI","Borowiec2015","Best108","Borowiec2015.Best108","Partition","PORI","Plac","/Users/caitlincherryh/Documents/C4_Ancient_ILS/06_cf_analyses/gcf_partition/Borowiec2015.Best108.Partition.PORI.gcf.cf.branch","/Users/caitlincherryh/Documents/C4_Ancient_ILS/06_cf_analyses/gcf_partition/Borowiec2015.Best108.Partition.PORI.gcf.cf.stat","60","98.91","91","0","0","1.09","1","0","0","92","0.40445","59","10.87","10","18.48","17","14.13","13","56.52","52","92","0.0236885","NA","NA","NA","NA","NA","NA","NA","NA","NA","NA","NA","Single_tip","NA","NA","NA","NA","NA","NA","NA","NA","NA","NA","NA","Single_tip"
"Chang2015.Chang_AA.Partition.CTEN_PORI.noPlac","Chang2015","Chang_AA","Chang2015.Chang_AA","Partition","CTEN_PORI","noPlac","/Users/caitlincherryh/Documents/C4_Ancient_ILS/06_cf_analyses/gcf_partition/Chang2015.Chang_AA.Partition.CTEN_PORI.noPlac.gcf.cf.branch","/Users/caitlincherryh/Documents/C4_Ancient_ILS/06_cf_analyses/gcf_partition/Chang2015.Chang_AA.Partition.CTEN_PORI.noPlac.gcf.cf.stat","80","36.5","73","0","0","0","0","63.5","127","200","0.0960166","129","2.5","5","8.5","17","2.5","5","86.5","173","200","0.0084961","142","97.87","184","0","0","0","0","2.13","4","188","0.272173","Monophyletic","130","8.5","17","1.5","3","4.5","9","85.5","171","200","0.0126918","Monophyletic"
"Chang2015.Chang_AA.Partition.CTEN.noPlac","Chang2015","Chang_AA","Chang2015.Chang_AA","Partition","CTEN","noPlac","/Users/caitlincherryh/Documents/C4_Ancient_ILS/06_cf_analyses/gcf_partition/Chang2015.Chang_AA.Partition.CTEN.noPlac.gcf.cf.branch","/Users/caitlincherryh/Documents/C4_Ancient_ILS/06_cf_analyses/gcf_partition/Chang2015.Chang_AA.Partition.CTEN.noPlac.gcf.cf.stat","80","36.5","73","3.5","7","2.5","5","57.5","115","200","0.0682069","81","8.5","17","2.5","5","2.5","5","86.5","173","200","0.0280878","142","97.87","184","0","0","0","0","2.13","4","188","0.249746","Monophyletic","130","8.5","17","1.5","3","1.5","3","88.5","177","200","0.0141235","Monophyletic"
"Chang2015.Chang_AA.Partition.PORI.noPlac","Chang2015","Chang_AA","Chang2015.Chang_AA","Partition","PORI","noPlac","/Users/caitlincherryh/Documents/C4_Ancient_ILS/06_cf_analyses/gcf_partition/Chang2015.Chang_AA.Partition.PORI.noPlac.gcf.cf.branch","/Users/caitlincherryh/Documents/C4_Ancient_ILS/06_cf_analyses/gcf_partition/Chang2015.Chang_AA.Partition.PORI.noPlac.gcf.cf.stat","80","36.5","73","0","0","0","0","63.5","127","200","0.0884308","81","2.5","5","8.5","17","2.5","5","86.5","173","200","0.00860556","130","97.87","184","0","0","0","0","2.13","4","188","0.279708","Monophyletic","134","8.5","17","1.5","3","1.5","3","88.5","177","200","0.0139532","Monophyletic"
"Dunn2008.Dunn2008_FixedNames.Partition.CTEN_PORI","Dunn2008","Dunn2008_FixedNames","Dunn2008.Dunn2008_FixedNames","Partition","CTEN_PORI","Plac","/Users/caitlincherryh/Documents/C4_Ancient_ILS/06_cf_analyses/gcf_partition/Dunn2008.Dunn2008_FixedNames.Partition.CTEN_PORI.gcf.cf.branch","/Users/caitlincherryh/Documents/C4_Ancient_ILS/06_cf_analyses/gcf_partition/Dunn2008.Dunn2008_FixedNames.Partition.CTEN_PORI.gcf.cf.stat","79","19.74","15","0","0","3.95","3","76.32","58","76","0.0928535","84","7.41","2","7.41","2","7.41","2","77.78","21","27","0.0260688","85","100","15","0","0","0","0","0","0","15","0.507503","Monophyletic","NA","NA","NA","NA","NA","NA","NA","NA","NA","NA","NA","Single_tip"
"Dunn2008.Dunn2008_FixedNames.Partition.CTEN","Dunn2008","Dunn2008_FixedNames","Dunn2008.Dunn2008_FixedNames","Partition","CTEN","Plac","/Users/caitlincherryh/Documents/C4_Ancient_ILS/06_cf_analyses/gcf_partition/Dunn2008.Dunn2008_FixedNames.Partition.CTEN.gcf.cf.branch","/Users/caitlincherryh/Documents/C4_Ancient_ILS/06_cf_analyses/gcf_partition/Dunn2008.Dunn2008_FixedNames.Partition.CTEN.gcf.cf.stat","80","19.72","14","0","0","5.63","4","74.65","53","71","0.0781069","79","7.41","2","7.41","2","7.41","2","77.78","21","27","0.046713","85","100","53","0","0","0","0","0","0","53","0.517306","Monophyletic","NA","NA","NA","NA","NA","NA","NA","NA","NA","NA","NA","Single_tip"
"Dunn2008.Dunn2008_FixedNames.Partition.PORI","Dunn2008","Dunn2008_FixedNames","Dunn2008.Dunn2008_FixedNames","Partition","PORI","Plac","/Users/caitlincherryh/Documents/C4_Ancient_ILS/06_cf_analyses/gcf_partition/Dunn2008.Dunn2008_FixedNames.Partition.PORI.gcf.cf.branch","/Users/caitlincherryh/Documents/C4_Ancient_ILS/06_cf_analyses/gcf_partition/Dunn2008.Dunn2008_FixedNames.Partition.PORI.gcf.cf.stat","80","28.57","8","0","0","3.57","1","67.86","19","28","0.0901098","79","7.41","2","7.41","2","7.41","2","77.78","21","27","0.0037318","85","100","53","0","0","0","0","0","0","53","0.531607","Monophyletic","NA","NA","NA","NA","NA","NA","NA","NA","NA","NA","NA","Single_tip"
"Laumer2018.Tplx_BUSCOeuk.Partition.CTEN_PORI.noPlac","Laumer2018","Tplx_BUSCOeuk","Laumer2018.Tplx_BUSCOeuk","Partition","CTEN_PORI","noPlac","/Users/caitlincherryh/Documents/C4_Ancient_ILS/06_cf_analyses/gcf_partition/Laumer2018.Tplx_BUSCOeuk.Partition.CTEN_PORI.noPlac.gcf.cf.branch","/Users/caitlincherryh/Documents/C4_Ancient_ILS/06_cf_analyses/gcf_partition/Laumer2018.Tplx_BUSCOeuk.Partition.CTEN_PORI.noPlac.gcf.cf.stat","102","53.58","157","0","0","0","0","46.42","136","293","0.293466","82","1.66","5","5.98","18","2.33","7","90.03","271","301","0.0220144","83","70.19","113","0","0","0","0","29.81","48","161","0.51032","Monophyletic","88","4.68","14","1.67","5","2.68","8","90.97","272","299","0.0212391","Monophyletic"
"Laumer2018.Tplx_BUSCOeuk.Partition.CTEN.noPlac","Laumer2018","Tplx_BUSCOeuk","Laumer2018.Tplx_BUSCOeuk","Partition","CTEN","noPlac","/Users/caitlincherryh/Documents/C4_Ancient_ILS/06_cf_analyses/gcf_partition/Laumer2018.Tplx_BUSCOeuk.Partition.CTEN.noPlac.gcf.cf.branch","/Users/caitlincherryh/Documents/C4_Ancient_ILS/06_cf_analyses/gcf_partition/Laumer2018.Tplx_BUSCOeuk.Partition.CTEN.noPlac.gcf.cf.stat","88","53.42","156","0","0","0","0","46.58","136","292","0.227099","82","5.98","18","1.66","5","2.33","7","90.03","271","301","0.0593749","83","70.63","113","0","0","0","0","29.38","47","160","0.461735","Monophyletic","94","4.68","14","0.67","2","2.34","7","92.31","276","299","0.0259237","Monophyletic"
"Laumer2018.Tplx_BUSCOeuk.Partition.PORI.noPlac","Laumer2018","Tplx_BUSCOeuk","Laumer2018.Tplx_BUSCOeuk","Partition","PORI","noPlac","/Users/caitlincherryh/Documents/C4_Ancient_ILS/06_cf_analyses/gcf_partition/Laumer2018.Tplx_BUSCOeuk.Partition.PORI.noPlac.gcf.cf.branch","/Users/caitlincherryh/Documents/C4_Ancient_ILS/06_cf_analyses/gcf_partition/Laumer2018.Tplx_BUSCOeuk.Partition.PORI.noPlac.gcf.cf.stat","88","53.58","157","0","0","0","0","46.42","136","293","0.275593","87","2.33","7","5.98","18","1.66","5","90.03","271","301","0.0205158","82","70.19","113","0","0","0","0","29.81","48","161","0.530629","Monophyletic","94","4.7","14","1.68","5","3.69","11","89.93","268","298","0.025497","Monophyletic"
"Moroz2014.ED3d.Partition.CTEN_PORI","Moroz2014","ED3d","Moroz2014.ED3d","Partition","CTEN_PORI","Plac","/Users/caitlincherryh/Documents/C4_Ancient_ILS/06_cf_analyses/gcf_partition/Moroz2014.ED3d.Partition.CTEN_PORI.gcf.cf.branch","/Users/caitlincherryh/Documents/C4_Ancient_ILS/06_cf_analyses/gcf_partition/Moroz2014.ED3d.Partition.CTEN_PORI.gcf.cf.stat","54","60.61","20","6.06","2","6.06","2","27.27","9","33","0.192745","56","9.76","4","21.95","9","14.63","6","53.66","22","41","0.0195882","57","100","25","0","0","0","0","0","0","25","0.395771","Monophyletic","67","27.27","3","9.09","1","9.09","1","54.55","6","11","0.054305","Monophyletic"
"Moroz2014.ED3d.Partition.CTEN","Moroz2014","ED3d","Moroz2014.ED3d","Partition","CTEN","Plac","/Users/caitlincherryh/Documents/C4_Ancient_ILS/06_cf_analyses/gcf_partition/Moroz2014.ED3d.Partition.CTEN.gcf.cf.branch","/Users/caitlincherryh/Documents/C4_Ancient_ILS/06_cf_analyses/gcf_partition/Moroz2014.ED3d.Partition.CTEN.gcf.cf.stat","55","57.14","16","7.14","2","7.14","2","28.57","8","28","0.178062","54","21.95","9","14.63","6","9.76","4","53.66","22","41","0.0348942","57","93.48","43","0","0","0","0","6.52","3","46","0.394491","Monophyletic","67","23.08","3","7.69","1","0","0","69.23","9","13","0.0694622","Monophyletic"
"Moroz2014.ED3d.Partition.PORI","Moroz2014","ED3d","Moroz2014.ED3d","Partition","PORI","Plac","/Users/caitlincherryh/Documents/C4_Ancient_ILS/06_cf_analyses/gcf_partition/Moroz2014.ED3d.Partition.PORI.gcf.cf.branch","/Users/caitlincherryh/Documents/C4_Ancient_ILS/06_cf_analyses/gcf_partition/Moroz2014.ED3d.Partition.PORI.gcf.cf.stat","55","64.71","11","0","0","0","0","35.29","6","17","0.175381","54","14.63","6","21.95","9","9.76","4","53.66","22","41","0.0242405","65","93.62","44","0","0","0","0","6.38","3","47","0.41176","Monophyletic","57","23.08","3","0","0","7.69","1","69.23","9","13","0.0515079","Monophyletic"
"Nosenko2013.nonribosomal_9187_smatrix.Partition.CTEN_PORI","Nosenko2013","nonribosomal_9187_smatrix","Nosenko2013.nonribosomal_9187_smatrix","Partition","CTEN_PORI","Plac","/Users/caitlincherryh/Documents/C4_Ancient_ILS/06_cf_analyses/gcf_partition/Nosenko2013.nonribosomal_9187_smatrix.Partition.CTEN_PORI.gcf.cf.branch","/Users/caitlincherryh/Documents/C4_Ancient_ILS/06_cf_analyses/gcf_partition/Nosenko2013.nonribosomal_9187_smatrix.Partition.CTEN_PORI.gcf.cf.stat","78","22.86","8","0","0","0","0","77.14","27","35","0.0521455","87","0","0","0","0","11.43","4","88.57","31","35","0.00499421","108","61.54","16","0","0","0","0","38.46","10","26","0.169507","Monophyletic","88","0","0","0","0","3.03","1","96.97","32","33","0.0111168","Monophyletic"
"Nosenko2013.nonribosomal_9187_smatrix.Partition.CTEN","Nosenko2013","nonribosomal_9187_smatrix","Nosenko2013.nonribosomal_9187_smatrix","Partition","CTEN","Plac","/Users/caitlincherryh/Documents/C4_Ancient_ILS/06_cf_analyses/gcf_partition/Nosenko2013.nonribosomal_9187_smatrix.Partition.CTEN.gcf.cf.branch","/Users/caitlincherryh/Documents/C4_Ancient_ILS/06_cf_analyses/gcf_partition/Nosenko2013.nonribosomal_9187_smatrix.Partition.CTEN.gcf.cf.stat","79","22.86","8","2.86","1","0","0","74.29","26","35","0.0331493","78","11.43","4","0","0","0","0","88.57","31","35","0.0271295","88","61.54","16","0","0","0","0","38.46","10","26","0.153898","Monophyletic","91","0","0","0","0","0","0","100","33","33","0.0121668","Monophyletic"
"Nosenko2013.nonribosomal_9187_smatrix.Partition.PORI","Nosenko2013","nonribosomal_9187_smatrix","Nosenko2013.nonribosomal_9187_smatrix","Partition","PORI","Plac","/Users/caitlincherryh/Documents/C4_Ancient_ILS/06_cf_analyses/gcf_partition/Nosenko2013.nonribosomal_9187_smatrix.Partition.PORI.gcf.cf.branch","/Users/caitlincherryh/Documents/C4_Ancient_ILS/06_cf_analyses/gcf_partition/Nosenko2013.nonribosomal_9187_smatrix.Partition.PORI.gcf.cf.stat","79","22.86","8","0","0","0","0","77.14","27","35","0.0516619","78","0","0","11.43","4","0","0","88.57","31","35","0.00737867","108","61.54","16","0","0","0","0","38.46","10","26","0.17186","Monophyletic","88","0","0","0","0","3.03","1","96.97","32","33","0.0116887","Monophyletic"
"Nosenko2013.ribosomal_14615_smatrix.Partition.CTEN_PORI.noPlac","Nosenko2013","ribosomal_14615_smatrix","Nosenko2013.ribosomal_14615_smatrix","Partition","CTEN_PORI","noPlac","/Users/caitlincherryh/Documents/C4_Ancient_ILS/06_cf_analyses/gcf_partition/Nosenko2013.ribosomal_14615_smatrix.Partition.CTEN_PORI.noPlac.gcf.cf.branch","/Users/caitlincherryh/Documents/C4_Ancient_ILS/06_cf_analyses/gcf_partition/Nosenko2013.ribosomal_14615_smatrix.Partition.CTEN_PORI.noPlac.gcf.cf.stat","76","19.54","17","0","0","0","0","80.46","70","87","0.0633728","85","0","0","0","0","4.65","4","95.35","82","86","0.00985935","106","95.59","65","0","0","0","0","4.41","3","68","0.312309","Monophyletic","86","2.38","2","2.38","2","1.19","1","94.05","79","84","0.0145608","Monophyletic"
"Nosenko2013.ribosomal_14615_smatrix.Partition.CTEN.noPlac","Nosenko2013","ribosomal_14615_smatrix","Nosenko2013.ribosomal_14615_smatrix","Partition","CTEN","noPlac","/Users/caitlincherryh/Documents/C4_Ancient_ILS/06_cf_analyses/gcf_partition/Nosenko2013.ribosomal_14615_smatrix.Partition.CTEN.noPlac.gcf.cf.branch","/Users/caitlincherryh/Documents/C4_Ancient_ILS/06_cf_analyses/gcf_partition/Nosenko2013.ribosomal_14615_smatrix.Partition.CTEN.noPlac.gcf.cf.stat","77","18.6","16","3.49","3","1.16","1","76.74","66","86","0.0468609","76","4.65","4","0","0","0","0","95.35","82","86","0.0225402","86","95.59","65","0","0","0","0","4.41","3","68","0.289013","Monophyletic","89","2.35","2","0","0","0","0","97.65","83","85","0.0136652","Monophyletic"
"Nosenko2013.ribosomal_14615_smatrix.Partition.PORI.noPlac","Nosenko2013","ribosomal_14615_smatrix","Nosenko2013.ribosomal_14615_smatrix","Partition","PORI","noPlac","/Users/caitlincherryh/Documents/C4_Ancient_ILS/06_cf_analyses/gcf_partition/Nosenko2013.ribosomal_14615_smatrix.Partition.PORI.noPlac.gcf.cf.branch","/Users/caitlincherryh/Documents/C4_Ancient_ILS/06_cf_analyses/gcf_partition/Nosenko2013.ribosomal_14615_smatrix.Partition.PORI.noPlac.gcf.cf.stat","77","19.54","17","0","0","0","0","80.46","70","87","0.0632664","76","0","0","4.65","4","0","0","95.35","82","86","0.00696828","106","95.59","65","0","0","0","0","4.41","3","68","0.307109","Monophyletic","86","2.35","2","2.35","2","1.18","1","94.12","80","85","0.0122402","Monophyletic"
"Philippe2009.Philippe_etal_superalignment_FixedNames.Partition.CTEN_PORI.noPlac","Philippe2009","Philippe_etal_superalignment_FixedNames","Philippe2009.Philippe_etal_superalignment_FixedNames","Partition","CTEN_PORI","noPlac","/Users/caitlincherryh/Documents/C4_Ancient_ILS/06_cf_analyses/gcf_partition/Philippe2009.Philippe_etal_superalignment_FixedNames.Partition.CTEN_PORI.noPlac.gcf.cf.branch","/Users/caitlincherryh/Documents/C4_Ancient_ILS/06_cf_analyses/gcf_partition/Philippe2009.Philippe_etal_superalignment_FixedNames.Partition.CTEN_PORI.noPlac.gcf.cf.stat","59","26.56","34","0","0","0","0","73.44","94","128","0.0622389","69","1.57","2","1.57","2","7.09","9","89.76","114","127","0.0074567","78","97.3","108","0","0","0","0","2.7","3","111","0.28079","Monophyletic","70","4.84","6","1.61","2","3.23","4","90.32","112","124","0.0179037","Monophyletic"
"Philippe2009.Philippe_etal_superalignment_FixedNames.Partition.CTEN.noPlac","Philippe2009","Philippe_etal_superalignment_FixedNames","Philippe2009.Philippe_etal_superalignment_FixedNames","Partition","CTEN","noPlac","/Users/caitlincherryh/Documents/C4_Ancient_ILS/06_cf_analyses/gcf_partition/Philippe2009.Philippe_etal_superalignment_FixedNames.Partition.CTEN.noPlac.gcf.cf.branch","/Users/caitlincherryh/Documents/C4_Ancient_ILS/06_cf_analyses/gcf_partition/Philippe2009.Philippe_etal_superalignment_FixedNames.Partition.CTEN.noPlac.gcf.cf.stat","60","25.98","33","3.94","5","3.94","5","66.14","84","127","0.0456522","59","7.09","9","1.57","2","1.57","2","89.76","114","127","0.0225725","70","97.3","108","0.9","1","0.9","1","0.9","1","111","0.259354","Monophyletic","72","4.8","6","0.8","1","0.8","1","93.6","117","125","0.0279598","Monophyletic"
"Philippe2009.Philippe_etal_superalignment_FixedNames.Partition.PORI.noPlac","Philippe2009","Philippe_etal_superalignment_FixedNames","Philippe2009.Philippe_etal_superalignment_FixedNames","Partition","PORI","noPlac","/Users/caitlincherryh/Documents/C4_Ancient_ILS/06_cf_analyses/gcf_partition/Philippe2009.Philippe_etal_superalignment_FixedNames.Partition.PORI.noPlac.gcf.cf.branch","/Users/caitlincherryh/Documents/C4_Ancient_ILS/06_cf_analyses/gcf_partition/Philippe2009.Philippe_etal_superalignment_FixedNames.Partition.PORI.noPlac.gcf.cf.stat","60","26.56","34","0","0","0","0","73.44","94","128","0.0597982","59","1.57","2","7.09","9","1.57","2","89.76","114","127","0.00923352","78","97.3","108","0","0","0","0","2.7","3","111","0.282794","Monophyletic","70","4.8","6","1.6","2","0.8","1","92.8","116","125","0.0167366","Monophyletic"
"Philippe2011.UPDUNN_MB_FixedNames.Partition.CTEN_PORI","Philippe2011","UPDUNN_MB_FixedNames","Philippe2011.UPDUNN_MB_FixedNames","Partition","CTEN_PORI","Plac","/Users/caitlincherryh/Documents/C4_Ancient_ILS/06_cf_analyses/gcf_partition/Philippe2011.UPDUNN_MB_FixedNames.Partition.CTEN_PORI.gcf.cf.branch","/Users/caitlincherryh/Documents/C4_Ancient_ILS/06_cf_analyses/gcf_partition/Philippe2011.UPDUNN_MB_FixedNames.Partition.CTEN_PORI.gcf.cf.stat","81","15.94","22","0.72","1","0","0","83.33","115","138","0.118033","148","3.42","4","0","0","3.42","4","93.16","109","117","0.0260578","149","100","57","0","0","0","0","0","0","57","0.483261","Monophyletic","150","12.5","5","7.5","3","5","2","75","30","40","0.0281902","Monophyletic"
"Philippe2011.UPDUNN_MB_FixedNames.Partition.CTEN","Philippe2011","UPDUNN_MB_FixedNames","Philippe2011.UPDUNN_MB_FixedNames","Partition","CTEN","Plac","/Users/caitlincherryh/Documents/C4_Ancient_ILS/06_cf_analyses/gcf_partition/Philippe2011.UPDUNN_MB_FixedNames.Partition.CTEN.gcf.cf.branch","/Users/caitlincherryh/Documents/C4_Ancient_ILS/06_cf_analyses/gcf_partition/Philippe2011.UPDUNN_MB_FixedNames.Partition.CTEN.gcf.cf.stat","81","13.45","16","1.68","2","3.36","4","81.51","97","119","0.0986647","82","3.42","4","0","0","3.42","4","93.16","109","117","0.0276127","150","100","57","0","0","0","0","0","0","57","0.482626","Monophyletic","149","14.81","8","1.85","1","0","0","83.33","45","54","0.0432507","Monophyletic"
"Philippe2011.UPDUNN_MB_FixedNames.Partition.PORI","Philippe2011","UPDUNN_MB_FixedNames","Philippe2011.UPDUNN_MB_FixedNames","Partition","PORI","Plac","/Users/caitlincherryh/Documents/C4_Ancient_ILS/06_cf_analyses/gcf_partition/Philippe2011.UPDUNN_MB_FixedNames.Partition.PORI.gcf.cf.branch","/Users/caitlincherryh/Documents/C4_Ancient_ILS/06_cf_analyses/gcf_partition/Philippe2011.UPDUNN_MB_FixedNames.Partition.PORI.gcf.cf.stat","81","16.3","22","0","0","2.22","3","81.48","110","135","0.113251","82","0","0","3.42","4","3.42","4","93.16","109","117","0.016723","149","100","58","0","0","0","0","0","0","58","0.505304","Monophyletic","150","14.81","8","1.85","1","1.85","1","81.48","44","54","0.040292","Monophyletic"
"Ryan2013.REA_EST_includingXenoturbella.Partition.CTEN_PORI","Ryan2013","REA_EST_includingXenoturbella","Ryan2013.REA_EST_includingXenoturbella","Partition","CTEN_PORI","Plac","/Users/caitlincherryh/Documents/C4_Ancient_ILS/06_cf_analyses/gcf_partition/Ryan2013.REA_EST_includingXenoturbella.Partition.CTEN_PORI.gcf.cf.branch","/Users/caitlincherryh/Documents/C4_Ancient_ILS/06_cf_analyses/gcf_partition/Ryan2013.REA_EST_includingXenoturbella.Partition.CTEN_PORI.gcf.cf.stat","110","73.33","165","0","0","1.78","4","24.89","56","225","0.256224","65","5.41","19","9.12","32","12.25","43","73.22","257","351","0.0166745","112","100","111","0","0","0","0","0","0","111","0.487552","Monophyletic","64","10.07","14","8.63","12","5.76","8","75.54","105","139","0.0205162","Monophyletic"
"Ryan2013.REA_EST_includingXenoturbella.Partition.CTEN","Ryan2013","REA_EST_includingXenoturbella","Ryan2013.REA_EST_includingXenoturbella","Partition","CTEN","Plac","/Users/caitlincherryh/Documents/C4_Ancient_ILS/06_cf_analyses/gcf_partition/Ryan2013.REA_EST_includingXenoturbella.Partition.CTEN.gcf.cf.branch","/Users/caitlincherryh/Documents/C4_Ancient_ILS/06_cf_analyses/gcf_partition/Ryan2013.REA_EST_includingXenoturbella.Partition.CTEN.gcf.cf.stat","110","73.58","156","1.42","3","1.89","4","23.11","49","212","0.220653","109","12.25","43","5.41","19","9.12","32","73.22","257","351","0.0485186","112","100","111","0","0","0","0","0","0","111","0.455857","Monophyletic","64","9.52","14","2.72","4","4.08","6","83.67","123","147","0.0272277","Monophyletic"
"Ryan2013.REA_EST_includingXenoturbella.Partition.PORI","Ryan2013","REA_EST_includingXenoturbella","Ryan2013.REA_EST_includingXenoturbella","Partition","PORI","Plac","/Users/caitlincherryh/Documents/C4_Ancient_ILS/06_cf_analyses/gcf_partition/Ryan2013.REA_EST_includingXenoturbella.Partition.PORI.gcf.cf.branch","/Users/caitlincherryh/Documents/C4_Ancient_ILS/06_cf_analyses/gcf_partition/Ryan2013.REA_EST_includingXenoturbella.Partition.PORI.gcf.cf.stat","112","72.85","161","0.45","1","1.36","3","25.34","56","221","0.244107","65","9.12","32","5.41","19","12.25","43","73.22","257","351","0.022199","110","100","114","0","0","0","0","0","0","114","0.498344","Monophyletic","64","9.22","13","9.93","14","7.8","11","73.05","103","141","0.0188572","Monophyletic"
"Whelan2015.Dataset10.Partition.CTEN_PORI.noPlac","Whelan2015","Dataset10","Whelan2015.Dataset10","Partition","CTEN_PORI","noPlac","/Users/caitlincherryh/Documents/C4_Ancient_ILS/06_cf_analyses/gcf_partition/Whelan2015.Dataset10.Partition.CTEN_PORI.noPlac.gcf.cf.branch","/Users/caitlincherryh/Documents/C4_Ancient_ILS/06_cf_analyses/gcf_partition/Whelan2015.Dataset10.Partition.CTEN_PORI.noPlac.gcf.cf.stat","86","22.62","19","0","0","0","0","77.38","65","84","0.143612","95","0","0","0","0","4.49","4","95.51","85","89","0.00915348","114","74.19","46","0","0","0","0","25.81","16","62","0.570036","Monophyletic","96","3.37","3","1.12","1","0","0","95.51","85","89","0.0211718","Monophyletic"
"Whelan2015.Dataset10.Partition.CTEN.noPlac","Whelan2015","Dataset10","Whelan2015.Dataset10","Partition","CTEN","noPlac","/Users/caitlincherryh/Documents/C4_Ancient_ILS/06_cf_analyses/gcf_partition/Whelan2015.Dataset10.Partition.CTEN.noPlac.gcf.cf.branch","/Users/caitlincherryh/Documents/C4_Ancient_ILS/06_cf_analyses/gcf_partition/Whelan2015.Dataset10.Partition.CTEN.noPlac.gcf.cf.stat","87","22.62","19","1.19","1","2.38","2","73.81","62","84","0.103007","86","4.49","4","0","0","0","0","95.51","85","89","0.0560117","96","74.19","46","0","0","0","0","25.81","16","62","0.524621","Monophyletic","105","3.37","3","0","0","0","0","96.63","86","89","0.0242862","Monophyletic"
"Whelan2015.Dataset10.Partition.PORI.noPlac","Whelan2015","Dataset10","Whelan2015.Dataset10","Partition","PORI","noPlac","/Users/caitlincherryh/Documents/C4_Ancient_ILS/06_cf_analyses/gcf_partition/Whelan2015.Dataset10.Partition.PORI.noPlac.gcf.cf.branch","/Users/caitlincherryh/Documents/C4_Ancient_ILS/06_cf_analyses/gcf_partition/Whelan2015.Dataset10.Partition.PORI.noPlac.gcf.cf.stat","87","22.62","19","0","0","0","0","77.38","65","84","0.143528","86","0","0","4.49","4","0","0","95.51","85","89","0.0255846","114","74.19","46","0","0","0","0","25.81","16","62","0.579641","Monophyletic","96","3.37","3","0","0","2.25","2","94.38","84","89","0.0221461","Monophyletic"
"Whelan2017.Metazoa_Choano_RCFV_strict.Partition.CTEN_PORI","Whelan2017","Metazoa_Choano_RCFV_strict","Whelan2017.Metazoa_Choano_RCFV_strict","Partition","CTEN_PORI","Plac","/Users/caitlincherryh/Documents/C4_Ancient_ILS/06_cf_analyses/gcf_partition/Whelan2017.Metazoa_Choano_RCFV_strict.Partition.CTEN_PORI.gcf.cf.branch","/Users/caitlincherryh/Documents/C4_Ancient_ILS/06_cf_analyses/gcf_partition/Whelan2017.Metazoa_Choano_RCFV_strict.Partition.CTEN_PORI.gcf.cf.stat","137","69.12","47","0","0","0","0","30.88","21","68","0.285696","89","3.8","3","5.06","4","20.25","16","70.89","56","79","0.00628151","108","62.07","18","0","0","0","0","37.93","11","29","0.54078","Monophyletic","90","8.86","7","7.59","6","1.27","1","82.28","65","79","0.0234728","Monophyletic"
"Whelan2017.Metazoa_Choano_RCFV_strict.Partition.CTEN","Whelan2017","Metazoa_Choano_RCFV_strict","Whelan2017.Metazoa_Choano_RCFV_strict","Partition","CTEN","Plac","/Users/caitlincherryh/Documents/C4_Ancient_ILS/06_cf_analyses/gcf_partition/Whelan2017.Metazoa_Choano_RCFV_strict.Partition.CTEN.gcf.cf.branch","/Users/caitlincherryh/Documents/C4_Ancient_ILS/06_cf_analyses/gcf_partition/Whelan2017.Metazoa_Choano_RCFV_strict.Partition.CTEN.gcf.cf.stat","108","59.09","26","0","0","0","0","40.91","18","44","0.223088","107","20.25","16","5.06","4","3.8","3","70.89","56","79","0.0708943","112","62.07","18","0","0","3.45","1","34.48","10","29","0.473904","Monophyletic","89","11.11","13","5.98","7","2.56","3","80.34","94","117","0.026023","Monophyletic"
"Whelan2017.Metazoa_Choano_RCFV_strict.Partition.PORI","Whelan2017","Metazoa_Choano_RCFV_strict","Whelan2017.Metazoa_Choano_RCFV_strict","Partition","PORI","Plac","/Users/caitlincherryh/Documents/C4_Ancient_ILS/06_cf_analyses/gcf_partition/Whelan2017.Metazoa_Choano_RCFV_strict.Partition.PORI.gcf.cf.branch","/Users/caitlincherryh/Documents/C4_Ancient_ILS/06_cf_analyses/gcf_partition/Whelan2017.Metazoa_Choano_RCFV_strict.Partition.PORI.gcf.cf.stat","108","69.12","47","0","0","0","0","30.88","21","68","0.28416","89","5.06","4","3.8","3","20.25","16","70.89","56","79","0.0124306","112","62.07","18","0","0","0","0","37.93","11","29","0.540035","Monophyletic","90","11.11","13","7.69","9","3.42","4","77.78","91","117","0.02237","Monophyletic"
