"clade","gene_tree","num_clade_tips","clade_relationship","clade_length","branch_length_to_clade","max_branching_time_for_ultrametric_clade","outgroup"
"Ctenophora",1,"0","0_taxa_present",NA,NA,NA,"Drosophila_melanogaster"
"Ctenophora",2,"1","1_taxa_present",NA,NA,NA,"Drosophila_melanogaster"
"Ctenophora",3,"0","0_taxa_present",NA,NA,NA,"Drosophila_melanogaster"
"Ctenophora",4,"16","monophyletic","5.6408469096","0.2951288605","2.722562558","Drosophila_melanogaster"
"Ctenophora",5,"15","monophyletic","1.5918053203","0.4174205891","0.4234062256","Drosophila_melanogaster"
"Ctenophora",6,"12","monophyletic","2.3356147732","0.5572842043","1.128154858","Drosophila_melanogaster"
"Ctenophora",7,"22","paraphyletic",NA,NA,NA,"Drosophila_melanogaster"
"Ctenophora",8,"10","monophyletic","0.7231129459","0.0799674877","0.4104723924","Drosophila_melanogaster"
"Ctenophora",9,"1","1_taxa_present",NA,NA,NA,"Drosophila_melanogaster"
"Ctenophora",10,"0","0_taxa_present",NA,NA,NA,"Drosophila_melanogaster"
"Ctenophora",11,"1","1_taxa_present",NA,NA,NA,"Drosophila_melanogaster"
"Ctenophora",12,"13","monophyletic","0.9441582067","0.3649661072","0.2735909402","Drosophila_melanogaster"
"Ctenophora",13,"5","monophyletic","0.7596282375","0.4613218854","0.3619527119","Drosophila_melanogaster"
"Ctenophora",14,"0","0_taxa_present",NA,NA,NA,"Drosophila_melanogaster"
"Ctenophora",15,"17","paraphyletic",NA,NA,NA,"Drosophila_melanogaster"
"Ctenophora",16,"19","monophyletic","2.3998401045","0.4943600412","0.5032187108","Drosophila_melanogaster"
"Ctenophora",17,"2","paraphyletic",NA,NA,NA,"Drosophila_melanogaster"
"Ctenophora",18,"13","monophyletic","1.4109390117","0.6555565707","0.39285584","Drosophila_melanogaster"
"Ctenophora",19,"0","0_taxa_present",NA,NA,NA,"Drosophila_melanogaster"
"Ctenophora",20,"0","0_taxa_present",NA,NA,NA,"Drosophila_melanogaster"
"Ctenophora",21,"0","0_taxa_present",NA,NA,NA,"Drosophila_melanogaster"
"Ctenophora",22,"15","monophyletic","1.0765228857","0.5667925051","0.1940032615","Drosophila_melanogaster"
"Ctenophora",23,"0","0_taxa_present",NA,NA,NA,"Drosophila_melanogaster"
"Ctenophora",24,"6","paraphyletic",NA,NA,NA,"Drosophila_melanogaster"
"Ctenophora",25,"15","monophyletic","2.5395942118","0.8820498332","0.6161668893","Drosophila_melanogaster"
"Ctenophora",26,"2","paraphyletic",NA,NA,NA,"Drosophila_melanogaster"
"Ctenophora",27,"10","monophyletic","0.8255775259","0.6434548318","0.235883468","Drosophila_melanogaster"
"Ctenophora",28,"0","0_taxa_present",NA,NA,NA,"Drosophila_melanogaster"
"Ctenophora",29,"3","paraphyletic",NA,NA,NA,"Drosophila_melanogaster"
"Ctenophora",30,"2","paraphyletic",NA,NA,NA,"Drosophila_melanogaster"
"Ctenophora",31,"2","paraphyletic",NA,NA,NA,"Drosophila_melanogaster"
"Ctenophora",32,"13","monophyletic","1.338458385","0.3749276626","0.3646859643","Drosophila_melanogaster"
"Ctenophora",33,"0","0_taxa_present",NA,NA,NA,"Drosophila_melanogaster"
"Ctenophora",34,"1","1_taxa_present",NA,NA,NA,"Drosophila_melanogaster"
"Ctenophora",35,"0","0_taxa_present",NA,NA,NA,"Drosophila_melanogaster"
"Ctenophora",36,"2","paraphyletic",NA,NA,NA,"Drosophila_melanogaster"
"Ctenophora",37,"0","0_taxa_present",NA,NA,NA,"Drosophila_melanogaster"
"Ctenophora",38,"2","paraphyletic",NA,NA,NA,"Drosophila_melanogaster"
"Ctenophora",39,"6","monophyletic","0.3861439087","0.6200082399","0.1322890011","Drosophila_melanogaster"
"Ctenophora",40,"9","monophyletic","2.5969047273","0.3071235828","0.6036629374","Drosophila_melanogaster"
"Ctenophora",41,"0","0_taxa_present",NA,NA,NA,"Drosophila_melanogaster"
"Ctenophora",42,"3","monophyletic","0.4170218754","0.8729238409","0.236733082","Drosophila_melanogaster"
"Ctenophora",43,"1","1_taxa_present",NA,NA,NA,"Drosophila_melanogaster"
"Ctenophora",44,"18","paraphyletic",NA,NA,NA,"Drosophila_melanogaster"
"Ctenophora",45,"18","monophyletic","2.4782258852","0.4690666657","0.5112639074","Drosophila_melanogaster"
"Ctenophora",46,"12","paraphyletic",NA,NA,NA,"Drosophila_melanogaster"
"Ctenophora",47,"0","0_taxa_present",NA,NA,NA,"Drosophila_melanogaster"
"Ctenophora",48,"0","0_taxa_present",NA,NA,NA,"Drosophila_melanogaster"
"Ctenophora",49,"21","monophyletic","3.0649116592","0.3725954482","0.5698578567","Drosophila_melanogaster"
"Ctenophora",50,"0","0_taxa_present",NA,NA,NA,"Drosophila_melanogaster"
"Ctenophora",51,"0","0_taxa_present",NA,NA,NA,"Drosophila_melanogaster"
"Ctenophora",52,"0","0_taxa_present",NA,NA,NA,"Drosophila_melanogaster"
"Ctenophora",53,"14","monophyletic","1.7306666428","0.8944490269","0.4714376137","Drosophila_melanogaster"
"Ctenophora",54,"14","paraphyletic",NA,NA,NA,"Drosophila_melanogaster"
"Ctenophora",55,"15","monophyletic","1.3520939101","0.7363513526","0.4116487974","Drosophila_melanogaster"
"Ctenophora",56,"10","monophyletic","2.4082627287","0.2487243713","1.0433473676","Drosophila_melanogaster"
"Ctenophora",57,"19","monophyletic","1.433076003","0.993960596","0.4529381271","Drosophila_melanogaster"
"Ctenophora",58,"0","0_taxa_present",NA,NA,NA,"Drosophila_melanogaster"
"Ctenophora",59,"1","1_taxa_present",NA,NA,NA,"Drosophila_melanogaster"
"Ctenophora",60,"1","1_taxa_present",NA,NA,NA,"Drosophila_melanogaster"
"Ctenophora",61,"1","1_taxa_present",NA,NA,NA,"Drosophila_melanogaster"
"Ctenophora",62,"0","0_taxa_present",NA,NA,NA,"Drosophila_melanogaster"
"Ctenophora",63,"0","0_taxa_present",NA,NA,NA,"Drosophila_melanogaster"
"Ctenophora",64,"7","monophyletic","1.051047279","0.6299696841","0.4937643718","Drosophila_melanogaster"
"Ctenophora",65,"16","monophyletic","1.9087960552","0.5737454593","0.5287722717","Drosophila_melanogaster"
"Ctenophora",66,"1","1_taxa_present",NA,NA,NA,"Drosophila_melanogaster"
"Ctenophora",67,"0","0_taxa_present",NA,NA,NA,"Drosophila_melanogaster"
"Ctenophora",68,"15","monophyletic","2.1265085583","0.5354049822","0.4595828321","Drosophila_melanogaster"
"Ctenophora",69,"1","1_taxa_present",NA,NA,NA,"Drosophila_melanogaster"
"Ctenophora",70,"0","0_taxa_present",NA,NA,NA,"Drosophila_melanogaster"
"Ctenophora",71,"16","paraphyletic",NA,NA,NA,"Drosophila_melanogaster"
"Ctenophora",72,"15","monophyletic","3.4189872628","0.8865095574","0.7638067306","Drosophila_melanogaster"
"Ctenophora",73,"9","monophyletic","0.7163058736","0.4190222218","0.2077057705","Drosophila_melanogaster"
"Ctenophora",74,"22","monophyletic","1.5765191987","0.6209835718","0.4635321698","Drosophila_melanogaster"
"Ctenophora",75,"6","paraphyletic",NA,NA,NA,"Drosophila_melanogaster"
"Ctenophora",76,"9","monophyletic","1.7920565155","0.211602966","1.3169521629","Drosophila_melanogaster"
"Ctenophora",77,"1","1_taxa_present",NA,NA,NA,"Drosophila_melanogaster"
"Ctenophora",78,"17","monophyletic","1.7326922488","0.3284567698","1.0958543994","Drosophila_melanogaster"
"Ctenophora",79,"14","monophyletic","1.5654926135","1.2450156803","0.3778895301","Drosophila_melanogaster"
"Ctenophora",80,"0","0_taxa_present",NA,NA,NA,"Drosophila_melanogaster"
"Ctenophora",81,"0","0_taxa_present",NA,NA,NA,"Drosophila_melanogaster"
"Ctenophora",82,"0","0_taxa_present",NA,NA,NA,"Drosophila_melanogaster"
"Ctenophora",83,"7","monophyletic","0.5435685527","0.5583160415","0.1703883316","Drosophila_melanogaster"
"Ctenophora",84,"0","0_taxa_present",NA,NA,NA,"Drosophila_melanogaster"
"Ctenophora",85,"2","paraphyletic",NA,NA,NA,"Drosophila_melanogaster"
"Ctenophora",86,"1","1_taxa_present",NA,NA,NA,"Drosophila_melanogaster"
"Ctenophora",87,"0","0_taxa_present",NA,NA,NA,"Drosophila_melanogaster"
"Ctenophora",88,"1","1_taxa_present",NA,NA,NA,"Drosophila_melanogaster"
"Ctenophora",89,"5","monophyletic","0.0100018552","0.1687133684","0.0064482449","Drosophila_melanogaster"
"Ctenophora",90,"9","paraphyletic",NA,NA,NA,"Drosophila_melanogaster"
"Ctenophora",91,"15","monophyletic","1.6313817046","0.6096497088","0.5677780941","Drosophila_melanogaster"
"Ctenophora",92,"9","monophyletic","0.9125617532","0.3085526338","0.3744366723","Drosophila_melanogaster"
"Ctenophora",93,"15","monophyletic","1.6667069379","0.7001379527","0.4970658758","Drosophila_melanogaster"
"Ctenophora",94,"0","0_taxa_present",NA,NA,NA,"Drosophila_melanogaster"
"Ctenophora",95,"0","0_taxa_present",NA,NA,NA,"Drosophila_melanogaster"
"Ctenophora",96,"14","monophyletic","5.7676987281","0.0758424257","4.8019611099","Drosophila_melanogaster"
"Ctenophora",97,"1","1_taxa_present",NA,NA,NA,"Drosophila_melanogaster"
"Ctenophora",98,"0","0_taxa_present",NA,NA,NA,"Drosophila_melanogaster"
"Ctenophora",99,"1","1_taxa_present",NA,NA,NA,"Drosophila_melanogaster"
"Ctenophora",100,"15","monophyletic","4.7003038727","0.5626795406","0.9500904485","Drosophila_melanogaster"
"Ctenophora",101,"13","monophyletic","4.7901275779","0.3650310538","2.9827004176","Drosophila_melanogaster"
"Ctenophora",102,"0","0_taxa_present",NA,NA,NA,"Drosophila_melanogaster"
"Ctenophora",103,"3","paraphyletic",NA,NA,NA,"Drosophila_melanogaster"
"Ctenophora",104,"16","paraphyletic",NA,NA,NA,"Drosophila_melanogaster"
"Ctenophora",105,"0","0_taxa_present",NA,NA,NA,"Drosophila_melanogaster"
"Ctenophora",106,"0","0_taxa_present",NA,NA,NA,"Drosophila_melanogaster"
"Ctenophora",107,"0","0_taxa_present",NA,NA,NA,"Drosophila_melanogaster"
"Ctenophora",108,"0","0_taxa_present",NA,NA,NA,"Drosophila_melanogaster"
"Ctenophora",109,"8","paraphyletic",NA,NA,NA,"Drosophila_melanogaster"
"Ctenophora",110,"19","monophyletic","1.1900391804","0.3914533222","0.2896106186","Drosophila_melanogaster"
"Ctenophora",111,"0","0_taxa_present",NA,NA,NA,"Drosophila_melanogaster"
"Ctenophora",112,"0","0_taxa_present",NA,NA,NA,"Drosophila_melanogaster"
"Ctenophora",113,"11","monophyletic","0.9864502722","0.9897829876","0.4195017329","Drosophila_melanogaster"
"Ctenophora",114,"4","monophyletic","6.5815272906","0.8603135674","3.3455539359","Drosophila_melanogaster"
"Ctenophora",115,"13","monophyletic","2.763431801","0.6535740912","0.8474198554","Drosophila_melanogaster"
"Ctenophora",116,"14","monophyletic","1.8451880311","0.674790923","0.4747477757","Drosophila_melanogaster"
"Ctenophora",117,"16","paraphyletic",NA,NA,NA,"Drosophila_melanogaster"
"Porifera",1,"18","paraphyletic",NA,NA,NA,"Drosophila_melanogaster"
"Porifera",2,"14","paraphyletic",NA,NA,NA,"Drosophila_melanogaster"
"Porifera",3,"16","paraphyletic",NA,NA,NA,"Drosophila_melanogaster"
"Porifera",4,"10","paraphyletic",NA,NA,NA,"Drosophila_melanogaster"
"Porifera",5,"12","paraphyletic",NA,NA,NA,"Drosophila_melanogaster"
"Porifera",6,"13","paraphyletic",NA,NA,NA,"Drosophila_melanogaster"
"Porifera",7,"17","paraphyletic",NA,NA,NA,"Drosophila_melanogaster"
"Porifera",8,"13","paraphyletic",NA,NA,NA,"Drosophila_melanogaster"
"Porifera",9,"15","paraphyletic",NA,NA,NA,"Drosophila_melanogaster"
"Porifera",10,"18","paraphyletic",NA,NA,NA,"Drosophila_melanogaster"
"Porifera",11,"15","paraphyletic",NA,NA,NA,"Drosophila_melanogaster"
"Porifera",12,"15","monophyletic","3.3664368992","0.037221397","0.5834184134","Drosophila_melanogaster"
"Porifera",13,"16","paraphyletic",NA,NA,NA,"Drosophila_melanogaster"
"Porifera",14,"15","paraphyletic",NA,NA,NA,"Drosophila_melanogaster"
"Porifera",15,"8","paraphyletic",NA,NA,NA,"Drosophila_melanogaster"
"Porifera",16,"8","paraphyletic",NA,NA,NA,"Drosophila_melanogaster"
"Porifera",17,"19","paraphyletic",NA,NA,NA,"Drosophila_melanogaster"
"Porifera",18,"13","paraphyletic",NA,NA,NA,"Drosophila_melanogaster"
"Porifera",19,"17","paraphyletic",NA,NA,NA,"Drosophila_melanogaster"
"Porifera",20,"16","paraphyletic",NA,NA,NA,"Drosophila_melanogaster"
"Porifera",21,"16","paraphyletic",NA,NA,NA,"Drosophila_melanogaster"
"Porifera",22,"13","paraphyletic",NA,NA,NA,"Drosophila_melanogaster"
"Porifera",23,"16","paraphyletic",NA,NA,NA,"Drosophila_melanogaster"
"Porifera",24,"18","paraphyletic",NA,NA,NA,"Drosophila_melanogaster"
"Porifera",25,"12","paraphyletic",NA,NA,NA,"Drosophila_melanogaster"
"Porifera",26,"17","paraphyletic",NA,NA,NA,"Drosophila_melanogaster"
"Porifera",27,"15","paraphyletic",NA,NA,NA,"Drosophila_melanogaster"
"Porifera",28,"15","paraphyletic",NA,NA,NA,"Drosophila_melanogaster"
"Porifera",29,"16","paraphyletic",NA,NA,NA,"Drosophila_melanogaster"
"Porifera",30,"18","paraphyletic",NA,NA,NA,"Drosophila_melanogaster"
"Porifera",31,"19","paraphyletic",NA,NA,NA,"Drosophila_melanogaster"
"Porifera",32,"9","paraphyletic",NA,NA,NA,"Drosophila_melanogaster"
"Porifera",33,"18","paraphyletic",NA,NA,NA,"Drosophila_melanogaster"
"Porifera",34,"14","paraphyletic",NA,NA,NA,"Drosophila_melanogaster"
"Porifera",35,"18","paraphyletic",NA,NA,NA,"Drosophila_melanogaster"
"Porifera",36,"19","paraphyletic",NA,NA,NA,"Drosophila_melanogaster"
"Porifera",37,"18","paraphyletic",NA,NA,NA,"Drosophila_melanogaster"
"Porifera",38,"17","paraphyletic",NA,NA,NA,"Drosophila_melanogaster"
"Porifera",39,"15","paraphyletic",NA,NA,NA,"Drosophila_melanogaster"
"Porifera",40,"12","paraphyletic",NA,NA,NA,"Drosophila_melanogaster"
"Porifera",41,"18","paraphyletic",NA,NA,NA,"Drosophila_melanogaster"
"Porifera",42,"14","monophyletic","8.3853139596","0.0846497461","3.4126063327","Drosophila_melanogaster"
"Porifera",43,"16","monophyletic","4.7502354378","0.0586007002","1.091873989","Drosophila_melanogaster"
"Porifera",44,"11","paraphyletic",NA,NA,NA,"Drosophila_melanogaster"
"Porifera",45,"16","paraphyletic",NA,NA,NA,"Drosophila_melanogaster"
"Porifera",46,"19","paraphyletic",NA,NA,NA,"Drosophila_melanogaster"
"Porifera",47,"17","paraphyletic",NA,NA,NA,"Drosophila_melanogaster"
"Porifera",48,"17","monophyletic","1.628025594","0.0165436786","0.3503515477","Drosophila_melanogaster"
"Porifera",49,"12","paraphyletic",NA,NA,NA,"Drosophila_melanogaster"
"Porifera",50,"19","paraphyletic",NA,NA,NA,"Drosophila_melanogaster"
"Porifera",51,"18","paraphyletic",NA,NA,NA,"Drosophila_melanogaster"
"Porifera",52,"16","paraphyletic",NA,NA,NA,"Drosophila_melanogaster"
"Porifera",53,"18","paraphyletic",NA,NA,NA,"Drosophila_melanogaster"
"Porifera",54,"18","paraphyletic",NA,NA,NA,"Drosophila_melanogaster"
"Porifera",55,"11","monophyletic","3.8228261753","0.0292237118","0.880488505","Drosophila_melanogaster"
"Porifera",56,"9","paraphyletic",NA,NA,NA,"Drosophila_melanogaster"
"Porifera",57,"16","paraphyletic",NA,NA,NA,"Drosophila_melanogaster"
"Porifera",58,"16","paraphyletic",NA,NA,NA,"Drosophila_melanogaster"
"Porifera",59,"18","paraphyletic",NA,NA,NA,"Drosophila_melanogaster"
"Porifera",60,"16","paraphyletic",NA,NA,NA,"Drosophila_melanogaster"
"Porifera",61,"16","paraphyletic",NA,NA,NA,"Drosophila_melanogaster"
"Porifera",62,"15","monophyletic","3.1341069032","0.0437278377","0.5712939306","Drosophila_melanogaster"
"Porifera",63,"15","paraphyletic",NA,NA,NA,"Drosophila_melanogaster"
"Porifera",64,"16","monophyletic","3.0577802941","0.02917551","0.7694106639","Drosophila_melanogaster"
"Porifera",65,"15","paraphyletic",NA,NA,NA,"Drosophila_melanogaster"
"Porifera",66,"16","paraphyletic",NA,NA,NA,"Drosophila_melanogaster"
"Porifera",67,"19","paraphyletic",NA,NA,NA,"Drosophila_melanogaster"
"Porifera",68,"8","paraphyletic",NA,NA,NA,"Drosophila_melanogaster"
"Porifera",69,"16","paraphyletic",NA,NA,NA,"Drosophila_melanogaster"
"Porifera",70,"16","paraphyletic",NA,NA,NA,"Drosophila_melanogaster"
"Porifera",71,"11","paraphyletic",NA,NA,NA,"Drosophila_melanogaster"
"Porifera",72,"9","paraphyletic",NA,NA,NA,"Drosophila_melanogaster"
"Porifera",73,"12","paraphyletic",NA,NA,NA,"Drosophila_melanogaster"
"Porifera",74,"12","paraphyletic",NA,NA,NA,"Drosophila_melanogaster"
"Porifera",75,"15","paraphyletic",NA,NA,NA,"Drosophila_melanogaster"
"Porifera",76,"12","paraphyletic",NA,NA,NA,"Drosophila_melanogaster"
"Porifera",77,"17","paraphyletic",NA,NA,NA,"Drosophila_melanogaster"
"Porifera",78,"11","paraphyletic",NA,NA,NA,"Drosophila_melanogaster"
"Porifera",79,"13","paraphyletic",NA,NA,NA,"Drosophila_melanogaster"
"Porifera",80,"15","paraphyletic",NA,NA,NA,"Drosophila_melanogaster"
"Porifera",81,"18","paraphyletic",NA,NA,NA,"Drosophila_melanogaster"
"Porifera",82,"16","paraphyletic",NA,NA,NA,"Drosophila_melanogaster"
"Porifera",83,"14","paraphyletic",NA,NA,NA,"Drosophila_melanogaster"
"Porifera",84,"17","paraphyletic",NA,NA,NA,"Drosophila_melanogaster"
"Porifera",85,"16","paraphyletic",NA,NA,NA,"Drosophila_melanogaster"
"Porifera",86,"15","paraphyletic",NA,NA,NA,"Drosophila_melanogaster"
"Porifera",87,"17","paraphyletic",NA,NA,NA,"Drosophila_melanogaster"
"Porifera",88,"18","paraphyletic",NA,NA,NA,"Drosophila_melanogaster"
"Porifera",89,"15","paraphyletic",NA,NA,NA,"Drosophila_melanogaster"
"Porifera",90,"15","paraphyletic",NA,NA,NA,"Drosophila_melanogaster"
"Porifera",91,"12","monophyletic","4.7614668365","0.0665009044","0.9326004258","Drosophila_melanogaster"
"Porifera",92,"15","paraphyletic",NA,NA,NA,"Drosophila_melanogaster"
"Porifera",93,"17","monophyletic","6.512182641","0.0662160285","1.0476131929","Drosophila_melanogaster"
"Porifera",94,"16","paraphyletic",NA,NA,NA,"Drosophila_melanogaster"
"Porifera",95,"16","paraphyletic",NA,NA,NA,"Drosophila_melanogaster"
"Porifera",96,"19","paraphyletic",NA,NA,NA,"Drosophila_melanogaster"
"Porifera",97,"15","paraphyletic",NA,NA,NA,"Drosophila_melanogaster"
"Porifera",98,"15","paraphyletic",NA,NA,NA,"Drosophila_melanogaster"
"Porifera",99,"17","paraphyletic",NA,NA,NA,"Drosophila_melanogaster"
"Porifera",100,"13","monophyletic","6.7322176008","0.0634675297","1.5754377157","Drosophila_melanogaster"
"Porifera",101,"12","paraphyletic",NA,NA,NA,"Drosophila_melanogaster"
"Porifera",102,"14","paraphyletic",NA,NA,NA,"Drosophila_melanogaster"
"Porifera",103,"18","paraphyletic",NA,NA,NA,"Drosophila_melanogaster"
"Porifera",104,"13","paraphyletic",NA,NA,NA,"Drosophila_melanogaster"
"Porifera",105,"17","paraphyletic",NA,NA,NA,"Drosophila_melanogaster"
"Porifera",106,"18","paraphyletic",NA,NA,NA,"Drosophila_melanogaster"
"Porifera",107,"16","monophyletic","8.7367669257","0.0592645015","1.6777454806","Drosophila_melanogaster"
"Porifera",108,"18","paraphyletic",NA,NA,NA,"Drosophila_melanogaster"
"Porifera",109,"17","paraphyletic",NA,NA,NA,"Drosophila_melanogaster"
"Porifera",110,"19","paraphyletic",NA,NA,NA,"Drosophila_melanogaster"
"Porifera",111,"16","paraphyletic",NA,NA,NA,"Drosophila_melanogaster"
"Porifera",112,"17","paraphyletic",NA,NA,NA,"Drosophila_melanogaster"
"Porifera",113,"14","paraphyletic",NA,NA,NA,"Drosophila_melanogaster"
"Porifera",114,"16","paraphyletic",NA,NA,NA,"Drosophila_melanogaster"
"Porifera",115,"17","paraphyletic",NA,NA,NA,"Drosophila_melanogaster"
"Porifera",116,"19","paraphyletic",NA,NA,NA,"Drosophila_melanogaster"
"Porifera",117,"10","paraphyletic",NA,NA,NA,"Drosophila_melanogaster"
"Cnidaria",1,"14","paraphyletic",NA,NA,NA,"Drosophila_melanogaster"
"Cnidaria",2,"13","paraphyletic",NA,NA,NA,"Drosophila_melanogaster"
"Cnidaria",3,"13","monophyletic","1.3253583686","0.0389487828","0.318888887","Drosophila_melanogaster"
"Cnidaria",4,"8","monophyletic","5.9826119578","0.0620771349","4.2020177536","Drosophila_melanogaster"
"Cnidaria",5,"7","paraphyletic",NA,NA,NA,"Drosophila_melanogaster"
"Cnidaria",6,"9","paraphyletic",NA,NA,NA,"Drosophila_melanogaster"
"Cnidaria",7,"13","paraphyletic",NA,NA,NA,"Drosophila_melanogaster"
"Cnidaria",8,"5","paraphyletic",NA,NA,NA,"Drosophila_melanogaster"
"Cnidaria",9,"14","paraphyletic",NA,NA,NA,"Drosophila_melanogaster"
"Cnidaria",10,"15","monophyletic","0.6813182317","0.027636321","0.2186469144","Drosophila_melanogaster"
"Cnidaria",11,"15","paraphyletic",NA,NA,NA,"Drosophila_melanogaster"
"Cnidaria",12,"10","paraphyletic",NA,NA,NA,"Drosophila_melanogaster"
"Cnidaria",13,"11","paraphyletic",NA,NA,NA,"Drosophila_melanogaster"
"Cnidaria",14,"14","paraphyletic",NA,NA,NA,"Drosophila_melanogaster"
"Cnidaria",15,"10","paraphyletic",NA,NA,NA,"Drosophila_melanogaster"
"Cnidaria",16,"11","monophyletic","3.2861800461","0.0778336874","0.6021341642","Drosophila_melanogaster"
"Cnidaria",17,"13","paraphyletic",NA,NA,NA,"Drosophila_melanogaster"
"Cnidaria",18,"9","monophyletic","2.6750749775","0.0453487059","0.7114541651","Drosophila_melanogaster"
"Cnidaria",19,"14","paraphyletic",NA,NA,NA,"Drosophila_melanogaster"
"Cnidaria",20,"12","paraphyletic",NA,NA,NA,"Drosophila_melanogaster"
"Cnidaria",21,"13","monophyletic","2.345630944","0.1365911077","0.8751772619","Drosophila_melanogaster"
"Cnidaria",22,"11","monophyletic","1.6203190855","0.0818569466","0.5132000807","Drosophila_melanogaster"
"Cnidaria",23,"13","monophyletic","2.5544481284","0.0905720855","0.5401791653","Drosophila_melanogaster"
"Cnidaria",24,"15","paraphyletic",NA,NA,NA,"Drosophila_melanogaster"
"Cnidaria",25,"5","monophyletic","1.3455176428","0.0603794419","0.5711539819","Drosophila_melanogaster"
"Cnidaria",26,"14","paraphyletic",NA,NA,NA,"Drosophila_melanogaster"
"Cnidaria",27,"11","monophyletic","2.1611580967","0.0845713105","0.5778314721","Drosophila_melanogaster"
"Cnidaria",28,"12","monophyletic","2.1639946887","0.1032335938","1.0367186997","Drosophila_melanogaster"
"Cnidaria",29,"14","monophyletic","1.6412963898","0.0432426142","0.3426978277","Drosophila_melanogaster"
"Cnidaria",30,"13","paraphyletic",NA,NA,NA,"Drosophila_melanogaster"
"Cnidaria",31,"14","paraphyletic",NA,NA,NA,"Drosophila_melanogaster"
"Cnidaria",32,"10","monophyletic","1.2529685576","0.0562911037","0.3625587654","Drosophila_melanogaster"
"Cnidaria",33,"12","monophyletic","0.8432205582","0.0244607013","0.2537825324","Drosophila_melanogaster"
"Cnidaria",34,"12","monophyletic","2.6708301073","0.0498825069","0.7005363414","Drosophila_melanogaster"
"Cnidaria",35,"12","monophyletic","1.9994620716","0.1122750516","0.5716831391","Drosophila_melanogaster"
"Cnidaria",36,"13","paraphyletic",NA,NA,NA,"Drosophila_melanogaster"
"Cnidaria",37,"12","monophyletic","1.3801012837","0.0761012732","0.363115086","Drosophila_melanogaster"
"Cnidaria",38,"15","paraphyletic",NA,NA,NA,"Drosophila_melanogaster"
"Cnidaria",39,"11","paraphyletic",NA,NA,NA,"Drosophila_melanogaster"
"Cnidaria",40,"7","paraphyletic",NA,NA,NA,"Drosophila_melanogaster"
"Cnidaria",41,"11","paraphyletic",NA,NA,NA,"Drosophila_melanogaster"
"Cnidaria",42,"12","monophyletic","2.7906161612","0.081113119","0.9263740367","Drosophila_melanogaster"
"Cnidaria",43,"14","paraphyletic",NA,NA,NA,"Drosophila_melanogaster"
"Cnidaria",44,"6","paraphyletic",NA,NA,NA,"Drosophila_melanogaster"
"Cnidaria",45,"11","paraphyletic",NA,NA,NA,"Drosophila_melanogaster"
"Cnidaria",46,"12","paraphyletic",NA,NA,NA,"Drosophila_melanogaster"
"Cnidaria",47,"15","paraphyletic",NA,NA,NA,"Drosophila_melanogaster"
"Cnidaria",48,"12","paraphyletic",NA,NA,NA,"Drosophila_melanogaster"
"Cnidaria",49,"9","monophyletic","1.7364193207","0.0603459939","0.5438108591","Drosophila_melanogaster"
"Cnidaria",50,"14","monophyletic","1.6140451981","0.0791966432","0.4340455128","Drosophila_melanogaster"
"Cnidaria",51,"11","paraphyletic",NA,NA,NA,"Drosophila_melanogaster"
"Cnidaria",52,"12","monophyletic","1.3211620792","0.0494907084","0.5283697925","Drosophila_melanogaster"
"Cnidaria",53,"11","monophyletic","1.4615507325","0.0346222074","0.4301190216","Drosophila_melanogaster"
"Cnidaria",54,"14","monophyletic","1.5407639245","0.0585510504","0.3906868741","Drosophila_melanogaster"
"Cnidaria",55,"9","monophyletic","2.0271990806","0.0766986939","0.7862426736","Drosophila_melanogaster"
"Cnidaria",56,"12","monophyletic","2.3035172267","0.0207117527","0.4263481891","Drosophila_melanogaster"
"Cnidaria",57,"12","monophyletic","2.3433811978","0.1064322531","0.5792831634","Drosophila_melanogaster"
"Cnidaria",58,"12","monophyletic","2.7326686537","0.0517007791","0.5360911464","Drosophila_melanogaster"
"Cnidaria",59,"13","paraphyletic",NA,NA,NA,"Drosophila_melanogaster"
"Cnidaria",60,"12","paraphyletic",NA,NA,NA,"Drosophila_melanogaster"
"Cnidaria",61,"14","monophyletic","2.3803585401","0.0167164656","0.5367859067","Drosophila_melanogaster"
"Cnidaria",62,"14","paraphyletic",NA,NA,NA,"Drosophila_melanogaster"
"Cnidaria",63,"13","paraphyletic",NA,NA,NA,"Drosophila_melanogaster"
"Cnidaria",64,"7","monophyletic","0.7602451194","0.0555176256","0.2732302436","Drosophila_melanogaster"
"Cnidaria",65,"10","paraphyletic",NA,NA,NA,"Drosophila_melanogaster"
"Cnidaria",66,"14","paraphyletic",NA,NA,NA,"Drosophila_melanogaster"
"Cnidaria",67,"15","monophyletic","2.5084778859","0.0313569699","0.6019484226","Drosophila_melanogaster"
"Cnidaria",68,"9","paraphyletic",NA,NA,NA,"Drosophila_melanogaster"
"Cnidaria",69,"13","monophyletic","5.6779490599","0.0386395207","1.1171832983","Drosophila_melanogaster"
"Cnidaria",70,"12","paraphyletic",NA,NA,NA,"Drosophila_melanogaster"
"Cnidaria",71,"5","paraphyletic",NA,NA,NA,"Drosophila_melanogaster"
"Cnidaria",72,"7","paraphyletic",NA,NA,NA,"Drosophila_melanogaster"
"Cnidaria",73,"9","monophyletic","1.1971460847","0.0371290781","0.3498019732","Drosophila_melanogaster"
"Cnidaria",74,"8","monophyletic","1.100897657","0.016072974","0.3573293798","Drosophila_melanogaster"
"Cnidaria",75,"14","monophyletic","1.5543144911","0.0327372892","0.4663712387","Drosophila_melanogaster"
"Cnidaria",76,"11","monophyletic","1.1538308676","0.0379636306","0.2241287624","Drosophila_melanogaster"
"Cnidaria",77,"14","paraphyletic",NA,NA,NA,"Drosophila_melanogaster"
"Cnidaria",78,"11","monophyletic","1.2297091738","0.0257731533","0.3398965434","Drosophila_melanogaster"
"Cnidaria",79,"9","monophyletic","3.3078480957","0.0903628773","0.8879301505","Drosophila_melanogaster"
"Cnidaria",80,"13","paraphyletic",NA,NA,NA,"Drosophila_melanogaster"
"Cnidaria",81,"15","monophyletic","3.0052241433","0.0553325872","0.5415575273","Drosophila_melanogaster"
"Cnidaria",82,"15","paraphyletic",NA,NA,NA,"Drosophila_melanogaster"
"Cnidaria",83,"9","monophyletic","1.2407764658","0.0677607049","0.4333853444","Drosophila_melanogaster"
"Cnidaria",84,"12","monophyletic","3.6508384678","0.0827330388","0.8801154749","Drosophila_melanogaster"
"Cnidaria",85,"12","paraphyletic",NA,NA,NA,"Drosophila_melanogaster"
"Cnidaria",86,"12","monophyletic","2.4418671073","0.1113660747","0.7365802621","Drosophila_melanogaster"
"Cnidaria",87,"15","monophyletic","2.4036055817","0.0345039992","0.4452726841","Drosophila_melanogaster"
"Cnidaria",88,"14","paraphyletic",NA,NA,NA,"Drosophila_melanogaster"
"Cnidaria",89,"13","monophyletic","0.6191518102","0.0313537354","0.2024777672","Drosophila_melanogaster"
"Cnidaria",90,"12","paraphyletic",NA,NA,NA,"Drosophila_melanogaster"
"Cnidaria",91,"10","paraphyletic",NA,NA,NA,"Drosophila_melanogaster"
"Cnidaria",92,"10","paraphyletic",NA,NA,NA,"Drosophila_melanogaster"
"Cnidaria",93,"12","monophyletic","3.0372294216","0.0909056259","0.6232184131","Drosophila_melanogaster"
"Cnidaria",94,"13","paraphyletic",NA,NA,NA,"Drosophila_melanogaster"
"Cnidaria",95,"13","paraphyletic",NA,NA,NA,"Drosophila_melanogaster"
"Cnidaria",96,"12","paraphyletic",NA,NA,NA,"Drosophila_melanogaster"
"Cnidaria",97,"14","paraphyletic",NA,NA,NA,"Drosophila_melanogaster"
"Cnidaria",98,"13","paraphyletic",NA,NA,NA,"Drosophila_melanogaster"
"Cnidaria",99,"11","monophyletic","0.4053022447","0.011007676","0.1084488946","Drosophila_melanogaster"
"Cnidaria",100,"11","paraphyletic",NA,NA,NA,"Drosophila_melanogaster"
"Cnidaria",101,"8","monophyletic","1.4784133623","0.0520673018","0.5096663705","Drosophila_melanogaster"
"Cnidaria",102,"14","paraphyletic",NA,NA,NA,"Drosophila_melanogaster"
"Cnidaria",103,"15","paraphyletic",NA,NA,NA,"Drosophila_melanogaster"
"Cnidaria",104,"10","monophyletic","0.8019942744","0.0532401054","0.2438371533","Drosophila_melanogaster"
"Cnidaria",105,"15","monophyletic","2.8564114521","0.0570382427","0.7109702579","Drosophila_melanogaster"
"Cnidaria",106,"11","paraphyletic",NA,NA,NA,"Drosophila_melanogaster"
"Cnidaria",107,"12","monophyletic","2.6438328298","0.0402087974","0.6765592798","Drosophila_melanogaster"
"Cnidaria",108,"10","paraphyletic",NA,NA,NA,"Drosophila_melanogaster"
"Cnidaria",109,"14","paraphyletic",NA,NA,NA,"Drosophila_melanogaster"
"Cnidaria",110,"15","monophyletic","1.3938076851","0.0565030548","0.360391449","Drosophila_melanogaster"
"Cnidaria",111,"13","paraphyletic",NA,NA,NA,"Drosophila_melanogaster"
"Cnidaria",112,"12","monophyletic","3.0700652935","0.0421144733","0.8940139824","Drosophila_melanogaster"
"Cnidaria",113,"10","monophyletic","1.0513863542","0.0855542995","0.3785864414","Drosophila_melanogaster"
"Cnidaria",114,"11","monophyletic","2.1168145441","0.1078540231","0.5517368955","Drosophila_melanogaster"
"Cnidaria",115,"11","paraphyletic",NA,NA,NA,"Drosophila_melanogaster"
"Cnidaria",116,"14","monophyletic","3.197160899","0.0641413259","1.2236736898","Drosophila_melanogaster"
"Cnidaria",117,"4","monophyletic","1.0179262491","0.1498941577","0.5024070423","Drosophila_melanogaster"
"Bilateria",1,"6","paraphyletic",NA,NA,NA,"Oscarella_carmela"
"Bilateria",2,"6","paraphyletic",NA,NA,NA,"Oscarella_carmela"
"Bilateria",3,"6","paraphyletic",NA,NA,NA,"Oscarella_carmela"
"Bilateria",4,"4","paraphyletic",NA,NA,NA,"Oscarella_carmela"
"Bilateria",5,"5","monophyletic","1.7943664304","0.071165771","0.8176391478","Oscarella_carmela"
"Bilateria",6,"6","paraphyletic",NA,NA,NA,"Oscarella_carmela"
"Bilateria",7,"6","monophyletic","1.7963373034","0.0326302722","0.5973183564","Oscarella_carmela"
"Bilateria",8,"6","paraphyletic",NA,NA,NA,"Oscarella_carmela"
"Bilateria",9,"6","paraphyletic",NA,NA,NA,"Oscarella_carmela"
"Bilateria",10,"6","monophyletic","0.5395659929","0.0144501604","0.1694045622","Oscarella_carmela"
"Bilateria",11,"6","paraphyletic",NA,NA,NA,"Oscarella_carmela"
"Bilateria",12,"6","monophyletic","1.1251729713","0.0342605883","0.3445947962","Oscarella_carmela"
"Bilateria",13,"6","paraphyletic",NA,NA,NA,"Oscarella_carmela"
"Bilateria",14,"6","monophyletic","2.0379153433","0.0977775422","0.5163555523","Oscarella_carmela"
"Bilateria",15,"6","paraphyletic",NA,NA,NA,"Oscarella_carmela"
"Bilateria",16,"6","paraphyletic",NA,NA,NA,"Oscarella_carmela"
"Bilateria",17,"6","paraphyletic",NA,NA,NA,"Oscarella_carmela"
"Bilateria",18,"5","paraphyletic",NA,NA,NA,"Oscarella_carmela"
"Bilateria",19,"6","monophyletic","2.5158686066","0.1419751438","0.908411388","Oscarella_carmela"
"Bilateria",20,"6","paraphyletic",NA,NA,NA,"Oscarella_carmela"
"Bilateria",21,"6","monophyletic","1.9574204497","0.0826829428","0.7357326306","Oscarella_carmela"
"Bilateria",22,"6","paraphyletic",NA,NA,NA,"Oscarella_carmela"
"Bilateria",23,"6","monophyletic","3.6520936793","0.095483165","1.0676654103","Oscarella_carmela"
"Bilateria",24,"6","paraphyletic",NA,NA,NA,"Oscarella_carmela"
"Bilateria",25,"5","monophyletic","2.941652837","0.0463525132","1.2499100055","Oscarella_carmela"
"Bilateria",26,"6","paraphyletic",NA,NA,NA,"Oscarella_carmela"
"Bilateria",27,"6","monophyletic","2.6301246644","0.1088023847","0.894615281","Oscarella_carmela"
"Bilateria",28,"6","paraphyletic",NA,NA,NA,"Oscarella_carmela"
"Bilateria",29,"6","monophyletic","0.4656050204","0.0494191429","0.1407317418","Oscarella_carmela"
"Bilateria",30,"6","paraphyletic",NA,NA,NA,"Oscarella_carmela"
"Bilateria",31,"6","paraphyletic",NA,NA,NA,"Oscarella_carmela"
"Bilateria",32,"6","monophyletic","1.5116617999","0.0256062178","0.4562787939","Oscarella_carmela"
"Bilateria",33,"6","monophyletic","0.6665068615","0.0297819648","0.2187634605","Oscarella_carmela"
"Bilateria",34,"6","paraphyletic",NA,NA,NA,"Oscarella_carmela"
"Bilateria",35,"6","monophyletic","2.0994169751","0.1150585917","0.6818204632","Oscarella_carmela"
"Bilateria",36,"6","paraphyletic",NA,NA,NA,"Oscarella_carmela"
"Bilateria",37,"6","monophyletic","1.7302749915","0.0556581353","0.504248883","Oscarella_carmela"
"Bilateria",38,"6","paraphyletic",NA,NA,NA,"Oscarella_carmela"
"Bilateria",39,"6","monophyletic","2.7726867087","0.1018088804","0.9660036078","Oscarella_carmela"
"Bilateria",40,"6","paraphyletic",NA,NA,NA,"Oscarella_carmela"
"Bilateria",41,"6","monophyletic","2.1237618881","0.0514517538","0.5500700223","Oscarella_carmela"
"Bilateria",42,"6","monophyletic","2.8914383035","0.0976810795","0.8373412957","Oscarella_carmela"
"Bilateria",43,"5","paraphyletic",NA,NA,NA,"Oscarella_carmela"
"Bilateria",44,"3","paraphyletic",NA,NA,NA,"Oscarella_carmela"
"Bilateria",45,"6","paraphyletic",NA,NA,NA,"Oscarella_carmela"
"Bilateria",46,"5","monophyletic","1.1054882751","0.0251929522","0.3103065253","Oscarella_carmela"
"Bilateria",47,"6","monophyletic","0.6870333588","0.0224038947","0.2216616332","Oscarella_carmela"
"Bilateria",48,"6","paraphyletic",NA,NA,NA,"Oscarella_carmela"
"Bilateria",49,"6","monophyletic","1.5748753437","0.0779838767","0.3574488554","Oscarella_carmela"
"Bilateria",50,"6","monophyletic","1.8648868191","0.102145135","0.6090486044","Oscarella_carmela"
"Bilateria",51,"6","paraphyletic",NA,NA,NA,"Oscarella_carmela"
"Bilateria",52,"6","monophyletic","1.6293799008","0.0244898175","0.7164900811","Oscarella_carmela"
"Bilateria",53,"5","monophyletic","6.606444271","0.0776475479","4.791949805","Oscarella_carmela"
"Bilateria",54,"6","monophyletic","1.9121848521","0.0445534145","0.5113242804","Oscarella_carmela"
"Bilateria",55,"6","monophyletic","3.0339421751","0.0890258351","0.8345604172","Oscarella_carmela"
"Bilateria",56,"6","paraphyletic",NA,NA,NA,"Oscarella_carmela"
"Bilateria",57,"5","monophyletic","2.7101671547","0.0834714917","1.1190586103","Oscarella_carmela"
"Bilateria",58,"6","paraphyletic",NA,NA,NA,"Oscarella_carmela"
"Bilateria",59,"6","paraphyletic",NA,NA,NA,"Oscarella_carmela"
"Bilateria",60,"6","paraphyletic",NA,NA,NA,"Oscarella_carmela"
"Bilateria",61,"6","monophyletic","1.8499891753","0.0754837892","0.5383533599","Oscarella_carmela"
"Bilateria",62,"6","monophyletic","2.3909315532","0.0283000285","0.9729958543","Oscarella_carmela"
"Bilateria",63,"6","paraphyletic",NA,NA,NA,"Oscarella_carmela"
"Bilateria",64,"5","monophyletic","1.1464851661","0.0759576281","0.4834836859","Oscarella_carmela"
"Bilateria",65,"6","paraphyletic",NA,NA,NA,"Oscarella_carmela"
"Bilateria",66,"6","paraphyletic",NA,NA,NA,"Oscarella_carmela"
"Bilateria",67,"5","paraphyletic",NA,NA,NA,"Oscarella_carmela"
"Bilateria",68,"6","monophyletic","2.5237394203","0.1106919203","0.6225313847","Oscarella_carmela"
"Bilateria",69,"6","monophyletic","4.1172189062","0.0491057908","0.9962686168","Oscarella_carmela"
"Bilateria",70,"6","paraphyletic",NA,NA,NA,"Oscarella_carmela"
"Bilateria",71,"6","monophyletic","1.1689173592","0.0880175689","0.3217774328","Oscarella_carmela"
"Bilateria",72,"5","paraphyletic",NA,NA,NA,"Oscarella_carmela"
"Bilateria",73,"5","monophyletic","1.3219051336","0.0408248969","0.4980393028","Oscarella_carmela"
"Bilateria",74,"4","monophyletic","1.2187032034","0.0636280921","0.451970461","Oscarella_carmela"
"Bilateria",75,"6","monophyletic","1.4366786934","0.0610138745","0.372906612","Oscarella_carmela"
"Bilateria",76,"6","paraphyletic",NA,NA,NA,"Oscarella_carmela"
"Bilateria",77,"5","paraphyletic",NA,NA,NA,"Oscarella_carmela"
"Bilateria",78,"6","monophyletic","1.0447790869","0.0380420464","0.3060715815","Oscarella_carmela"
"Bilateria",79,"6","monophyletic","4.3034193406","0.0975316893","1.5851594873","Oscarella_carmela"
"Bilateria",80,"6","monophyletic","2.263843658","0.2734737459","0.8056145389","Oscarella_carmela"
"Bilateria",81,"6","paraphyletic",NA,NA,NA,"Oscarella_carmela"
"Bilateria",82,"6","monophyletic","1.7777515025","0.037703318","0.4983528618","Oscarella_carmela"
"Bilateria",83,"5","monophyletic","1.1931231785","0.1229865928","0.3119636019","Oscarella_carmela"
"Bilateria",84,"6","paraphyletic",NA,NA,NA,"Oscarella_carmela"
"Bilateria",85,"5","paraphyletic",NA,NA,NA,"Oscarella_carmela"
"Bilateria",86,"6","monophyletic","2.1464209173","0.1348686086","0.5531034329","Oscarella_carmela"
"Bilateria",87,"6","paraphyletic",NA,NA,NA,"Oscarella_carmela"
"Bilateria",88,"6","monophyletic","1.5891598954","0.0309013262","0.4158671835","Oscarella_carmela"
"Bilateria",89,"6","paraphyletic",NA,NA,NA,"Oscarella_carmela"
"Bilateria",90,"6","paraphyletic",NA,NA,NA,"Oscarella_carmela"
"Bilateria",91,"5","monophyletic","2.7446623815","0.0793277595","0.9178356738","Oscarella_carmela"
"Bilateria",92,"6","monophyletic","1.7602185925","0.0700604502","0.5284767497","Oscarella_carmela"
"Bilateria",93,"6","monophyletic","3.2742452232","0.0789857265","0.8364122589","Oscarella_carmela"
"Bilateria",94,"6","monophyletic","3.1633080007","0.0850390596","0.7512293835","Oscarella_carmela"
"Bilateria",95,"6","paraphyletic",NA,NA,NA,"Oscarella_carmela"
"Bilateria",96,"6","paraphyletic",NA,NA,NA,"Oscarella_carmela"
"Bilateria",97,"6","paraphyletic",NA,NA,NA,"Oscarella_carmela"
"Bilateria",98,"6","paraphyletic",NA,NA,NA,"Oscarella_carmela"
"Bilateria",99,"6","paraphyletic",NA,NA,NA,"Oscarella_carmela"
"Bilateria",100,"5","paraphyletic",NA,NA,NA,"Oscarella_carmela"
"Bilateria",101,"5","paraphyletic",NA,NA,NA,"Oscarella_carmela"
"Bilateria",102,"6","paraphyletic",NA,NA,NA,"Oscarella_carmela"
"Bilateria",103,"6","paraphyletic",NA,NA,NA,"Oscarella_carmela"
"Bilateria",104,"5","monophyletic","1.0129026121","0.0471566289","0.4290162429","Oscarella_carmela"
"Bilateria",105,"6","monophyletic","2.8748031144","0.0625986499","0.7340420616","Oscarella_carmela"
"Bilateria",106,"6","paraphyletic",NA,NA,NA,"Oscarella_carmela"
"Bilateria",107,"6","paraphyletic",NA,NA,NA,"Oscarella_carmela"
"Bilateria",108,"5","paraphyletic",NA,NA,NA,"Oscarella_carmela"
"Bilateria",109,"5","paraphyletic",NA,NA,NA,"Oscarella_carmela"
"Bilateria",110,"6","monophyletic","1.4695570747","0.050133598","0.4327113799","Oscarella_carmela"
"Bilateria",111,"6","paraphyletic",NA,NA,NA,"Oscarella_carmela"
"Bilateria",112,"6","monophyletic","2.0811687574","0.0328215571","0.5627448276","Oscarella_carmela"
"Bilateria",113,"5","monophyletic","2.2496625061","0.1039263706","0.8821927795","Oscarella_carmela"
"Bilateria",114,"6","monophyletic","2.3015222168","0.103513696","0.6758668028","Oscarella_carmela"
"Bilateria",115,"6","paraphyletic",NA,NA,NA,"Oscarella_carmela"
"Bilateria",116,"6","monophyletic","2.4610320504","0.0696868199","0.7528169968","Oscarella_carmela"
"Bilateria",117,"5","paraphyletic",NA,NA,NA,"Oscarella_carmela"
"Outgroup",1,"5","paraphyletic",NA,NA,NA,"Drosophila_melanogaster"
"Outgroup",2,"4","monophyletic","1.3735253867","0.1043848186","0.4575731527","Drosophila_melanogaster"
"Outgroup",3,"5","monophyletic","1.2659928721","0.0880716527","0.5055354145","Drosophila_melanogaster"
"Outgroup",4,"3","monophyletic","1.8990944329","0.2411137186","0.709203124","Drosophila_melanogaster"
"Outgroup",5,"5","monophyletic","1.4728310431","0.3418353656","0.5148062407","Drosophila_melanogaster"
"Outgroup",6,"3","paraphyletic",NA,NA,NA,"Drosophila_melanogaster"
"Outgroup",7,"5","paraphyletic",NA,NA,NA,"Drosophila_melanogaster"
"Outgroup",8,"4","monophyletic","2.0700481424","2.2029e-06","1.7774301395","Drosophila_melanogaster"
"Outgroup",9,"4","paraphyletic",NA,NA,NA,"Drosophila_melanogaster"
"Outgroup",10,"5","monophyletic","2.2679736856","0.208852092","0.6844952195","Drosophila_melanogaster"
"Outgroup",11,"4","monophyletic","2.6512350531","0.159896747","0.8719840305","Drosophila_melanogaster"
"Outgroup",12,"3","monophyletic","4.860148218","0.8360884543","1.961740901","Drosophila_melanogaster"
"Outgroup",13,"5","paraphyletic",NA,NA,NA,"Drosophila_melanogaster"
"Outgroup",14,"5","monophyletic","2.5905213203","0.2415320023","0.6355432916","Drosophila_melanogaster"
"Outgroup",15,"5","paraphyletic",NA,NA,NA,"Drosophila_melanogaster"
"Outgroup",16,"5","paraphyletic",NA,NA,NA,"Drosophila_melanogaster"
"Outgroup",17,"5","monophyletic","1.5700871826","0.0377834926","0.8897818095","Drosophila_melanogaster"
"Outgroup",18,"3","monophyletic","1.8686780907","0.2320362487","0.7489687542","Drosophila_melanogaster"
"Outgroup",19,"5","monophyletic","9.2985719492","0.4848525394","2.4524439472","Drosophila_melanogaster"
"Outgroup",20,"3","paraphyletic",NA,NA,NA,"Drosophila_melanogaster"
"Outgroup",21,"4","monophyletic","5.514199039","0.4278759233","2.2968038411","Drosophila_melanogaster"
"Outgroup",22,"3","monophyletic","1.6247405441","0.3890163945","0.7978394836","Drosophila_melanogaster"
"Outgroup",23,"5","monophyletic","3.9835464714","0.2255141193","1.0499648094","Drosophila_melanogaster"
"Outgroup",24,"5","monophyletic","2.1012075971","0.1948947198","0.6393992535","Drosophila_melanogaster"
"Outgroup",25,"2","monophyletic","2.6434309775","1.1232082184","1.4562083718","Drosophila_melanogaster"
"Outgroup",26,"5","paraphyletic",NA,NA,NA,"Drosophila_melanogaster"
"Outgroup",27,"4","monophyletic","4.6377644013","1.0185634083","1.7651301653","Drosophila_melanogaster"
"Outgroup",28,"4","monophyletic","2.0505372685","0.3622890132","0.8104779262","Drosophila_melanogaster"
"Outgroup",29,"5","paraphyletic",NA,NA,NA,"Drosophila_melanogaster"
"Outgroup",30,"5","paraphyletic",NA,NA,NA,"Drosophila_melanogaster"
"Outgroup",31,"5","monophyletic","1.3769079197","0.0924995577","0.454971907","Drosophila_melanogaster"
"Outgroup",32,"3","monophyletic","1.1409011489","0.231965504","0.4710950545","Drosophila_melanogaster"
"Outgroup",33,"4","monophyletic","1.8836298252","0.1276143782","1.1291092427","Drosophila_melanogaster"
"Outgroup",34,"4","monophyletic","4.3710392707","0.223460903","1.3757041093","Drosophila_melanogaster"
"Outgroup",35,"4","monophyletic","5.9407574352","0.3064057054","1.883125739","Drosophila_melanogaster"
"Outgroup",36,"5","paraphyletic",NA,NA,NA,"Drosophila_melanogaster"
"Outgroup",37,"4","monophyletic","1.4374708016","0.2539395889","0.4968469252","Drosophila_melanogaster"
"Outgroup",38,"5","monophyletic","1.246652438","0.1392644519","0.3575686477","Drosophila_melanogaster"
"Outgroup",39,"5","monophyletic","2.5922536359","0.1477549249","0.7726631435","Drosophila_melanogaster"
"Outgroup",40,"5","paraphyletic",NA,NA,NA,"Drosophila_melanogaster"
"Outgroup",41,"5","monophyletic","11.8436514674","0.2615850283","9.7520808601","Drosophila_melanogaster"
"Outgroup",42,"3","monophyletic","4.468588156","0.5433118805","2.4684358129","Drosophila_melanogaster"
"Outgroup",43,"4","monophyletic","1.912233535","0.1378212985","0.7483841142","Drosophila_melanogaster"
"Outgroup",44,"4","paraphyletic",NA,NA,NA,"Drosophila_melanogaster"
"Outgroup",45,"3","monophyletic","1.9558970398","0.4327194883","0.8625929455","Drosophila_melanogaster"
"Outgroup",46,"4","paraphyletic",NA,NA,NA,"Drosophila_melanogaster"
"Outgroup",47,"4","monophyletic","1.5246421435","0.087207925","0.8335900623","Drosophila_melanogaster"
"Outgroup",48,"5","monophyletic","1.1256533885","0.0238840391","0.345300786","Drosophila_melanogaster"
"Outgroup",49,"4","monophyletic","1.1342152269","0.1559187972","0.3723527194","Drosophila_melanogaster"
"Outgroup",50,"4","monophyletic","3.1107367541","0.1366316973","1.0949129766","Drosophila_melanogaster"
"Outgroup",51,"5","paraphyletic",NA,NA,NA,"Drosophila_melanogaster"
"Outgroup",52,"3","monophyletic","4.0169134691","0.2407582297","2.3606404655","Drosophila_melanogaster"
"Outgroup",53,"4","monophyletic","2.3972412199","0.2177120821","1.2696407039","Drosophila_melanogaster"
"Outgroup",54,"4","monophyletic","3.7773027605","0.193036837","1.4769264788","Drosophila_melanogaster"
"Outgroup",55,"4","monophyletic","4.3879941067","0.3202579079","1.4383910537","Drosophila_melanogaster"
"Outgroup",56,"3","monophyletic","2.3102509079","0.0732211037","1.489766924","Drosophila_melanogaster"
"Outgroup",57,"3","monophyletic","2.6396030408","0.297415092","1.1541607856","Drosophila_melanogaster"
"Outgroup",58,"5","paraphyletic",NA,NA,NA,"Drosophila_melanogaster"
"Outgroup",59,"4","monophyletic","1.8186836655","0.2911735042","0.8493633534","Drosophila_melanogaster"
"Outgroup",60,"5","paraphyletic",NA,NA,NA,"Drosophila_melanogaster"
"Outgroup",61,"4","monophyletic","1.5156728859","0.133834403","0.6116652181","Drosophila_melanogaster"
"Outgroup",62,"3","monophyletic","1.0255808834","0.1332236942","0.4373531532","Drosophila_melanogaster"
"Outgroup",63,"4","monophyletic","1.2787554176","0.2253218069","0.6289704028","Drosophila_melanogaster"
"Outgroup",64,"5","monophyletic","4.7170863386","0.3147966408","2.5580875345","Drosophila_melanogaster"
"Outgroup",65,"4","paraphyletic",NA,NA,NA,"Drosophila_melanogaster"
"Outgroup",66,"4","paraphyletic",NA,NA,NA,"Drosophila_melanogaster"
"Outgroup",67,"5","monophyletic","2.7309101224","0.2106516322","0.8543727288","Drosophila_melanogaster"
"Outgroup",68,"4","monophyletic","3.6598134824","0.0979751164","1.9159916072","Drosophila_melanogaster"
"Outgroup",69,"5","monophyletic","4.2429985729","0.1627564454","1.1955597592","Drosophila_melanogaster"
"Outgroup",70,"5","monophyletic","0.8533264778","0.0370233386","0.3244060858","Drosophila_melanogaster"
"Outgroup",71,"5","paraphyletic",NA,NA,NA,"Drosophila_melanogaster"
"Outgroup",72,"3","monophyletic","2.822482142","0.2511117047","1.280523113","Drosophila_melanogaster"
"Outgroup",73,"3","monophyletic","2.4702670252","0.176542598","1.1481051862","Drosophila_melanogaster"
"Outgroup",74,"4","monophyletic","3.6245132525","0.2494531097","1.5796750698","Drosophila_melanogaster"
"Outgroup",75,"5","monophyletic","0.9779786241","0.0535578284","0.2555200935","Drosophila_melanogaster"
"Outgroup",76,"3","monophyletic","1.1228082416","0.5880106407","0.4316701688","Drosophila_melanogaster"
"Outgroup",77,"5","paraphyletic",NA,NA,NA,"Drosophila_melanogaster"
"Outgroup",78,"5","monophyletic","3.2352775536","0.243652862","1.12012477","Drosophila_melanogaster"
"Outgroup",79,"3","monophyletic","2.5450784676","0.3011618724","1.1984477378","Drosophila_melanogaster"
"Outgroup",80,"3","monophyletic","5.5176225099","0.3640640314","2.8164272018","Drosophila_melanogaster"
"Outgroup",81,"5","monophyletic","4.6067853927","0.3343944103","1.3129152647","Drosophila_melanogaster"
"Outgroup",82,"3","paraphyletic",NA,NA,NA,"Drosophila_melanogaster"
"Outgroup",83,"3","monophyletic","5.1145498487","0.6268112046","2.4374147296","Drosophila_melanogaster"
"Outgroup",84,"3","monophyletic","10.102839628","0.8019705489","4.6186096","Drosophila_melanogaster"
"Outgroup",85,"5","monophyletic","1.0693226667","0.2099140465","0.4229575913","Drosophila_melanogaster"
"Outgroup",86,"5","paraphyletic",NA,NA,NA,"Drosophila_melanogaster"
"Outgroup",87,"5","monophyletic","2.9330748933","0.1204184597","0.9397912833","Drosophila_melanogaster"
"Outgroup",88,"5","monophyletic","1.7447525308","0.0628108164","0.6350848568","Drosophila_melanogaster"
"Outgroup",89,"5","monophyletic","1.0095764634","0.1211245881","0.3059277197","Drosophila_melanogaster"
"Outgroup",90,"4","paraphyletic",NA,NA,NA,"Drosophila_melanogaster"
"Outgroup",91,"3","monophyletic","2.6050582908","0.7321640721","1.1704706073","Drosophila_melanogaster"
"Outgroup",92,"5","monophyletic","4.0472763755","0.1109895529","1.2941451623","Drosophila_melanogaster"
"Outgroup",93,"3","monophyletic","3.689603893","0.5330959809","1.8931836218","Drosophila_melanogaster"
"Outgroup",94,"4","monophyletic","2.5194779658","0.2596424141","0.7677452433","Drosophila_melanogaster"
"Outgroup",95,"4","monophyletic","3.156939048","0.2226244221","2.0910807954","Drosophila_melanogaster"
"Outgroup",96,"5","paraphyletic",NA,NA,NA,"Drosophila_melanogaster"
"Outgroup",97,"3","monophyletic","2.0759664904","0.3262742201","0.9041449461","Drosophila_melanogaster"
"Outgroup",98,"4","monophyletic","2.1740539596","0.203548824","0.7927660882","Drosophila_melanogaster"
"Outgroup",99,"4","monophyletic","1.2824350519","0.0953564137","0.5575018554","Drosophila_melanogaster"
"Outgroup",100,"1","1_taxa_present",NA,NA,NA,"Drosophila_melanogaster"
"Outgroup",101,"3","monophyletic","3.2650905366","0.3738344104","1.547602636","Drosophila_melanogaster"
"Outgroup",102,"5","monophyletic","1.2659383871","0.1031740289","0.3542132103","Drosophila_melanogaster"
"Outgroup",103,"5","monophyletic","0.5163595688","0.025828963","0.1691282422","Drosophila_melanogaster"
"Outgroup",104,"3","monophyletic","0.9691998427","0.1890433343","0.3724798922","Drosophila_melanogaster"
"Outgroup",105,"4","monophyletic","2.1763157458","0.550604905","0.6470584259","Drosophila_melanogaster"
"Outgroup",106,"4","paraphyletic",NA,NA,NA,"Drosophila_melanogaster"
"Outgroup",107,"3","monophyletic","3.06559915","0.3264906793","1.6801600316","Drosophila_melanogaster"
"Outgroup",108,"4","paraphyletic",NA,NA,NA,"Drosophila_melanogaster"
"Outgroup",109,"5","monophyletic","1.0893122455","0.0390261232","0.4941114768","Drosophila_melanogaster"
"Outgroup",110,"5","monophyletic","1.6278957514","0.0879395172","0.4881959364","Drosophila_melanogaster"
"Outgroup",111,"5","monophyletic","3.4921161186","0.2936380958","1.0112238571","Drosophila_melanogaster"
"Outgroup",112,"4","monophyletic","1.7260302635","0.1353042459","0.8147972819","Drosophila_melanogaster"
"Outgroup",113,"4","monophyletic","2.5213581584","0.1739427992","1.0033231235","Drosophila_melanogaster"
"Outgroup",114,"4","monophyletic","3.0729421364","0.1763193659","1.1213782182","Drosophila_melanogaster"
"Outgroup",115,"3","monophyletic","4.1483969664","0.2017293933","2.2671049425","Drosophila_melanogaster"
"Outgroup",116,"5","monophyletic","8.1412907944","0.2367268759","4.7284989206","Drosophila_melanogaster"
"Outgroup",117,"3","paraphyletic",NA,NA,NA,"Drosophila_melanogaster"
